-- --------------------------------------------------------
-- Host:                         127.0.0.1
-- Server version:               8.0.30 - MySQL Community Server - GPL
-- Server OS:                    Win64
-- HeidiSQL Version:             12.1.0.6537
-- --------------------------------------------------------

/*!40101 SET @OLD_CHARACTER_SET_CLIENT=@@CHARACTER_SET_CLIENT */;
/*!40101 SET NAMES utf8 */;
/*!50503 SET NAMES utf8mb4 */;
/*!40103 SET @OLD_TIME_ZONE=@@TIME_ZONE */;
/*!40103 SET TIME_ZONE='+00:00' */;
/*!40014 SET @OLD_FOREIGN_KEY_CHECKS=@@FOREIGN_KEY_CHECKS, FOREIGN_KEY_CHECKS=0 */;
/*!40101 SET @OLD_SQL_MODE=@@SQL_MODE, SQL_MODE='NO_AUTO_VALUE_ON_ZERO' */;
/*!40111 SET @OLD_SQL_NOTES=@@SQL_NOTES, SQL_NOTES=0 */;

-- Dumping structure for table blog_news.categories
CREATE TABLE IF NOT EXISTS `categories` (
  `id` bigint unsigned NOT NULL AUTO_INCREMENT,
  `title` varchar(255) COLLATE utf8mb4_unicode_ci NOT NULL,
  `slug` varchar(255) COLLATE utf8mb4_unicode_ci NOT NULL,
  `text_color` varchar(255) COLLATE utf8mb4_unicode_ci DEFAULT NULL,
  `bg_color` varchar(255) COLLATE utf8mb4_unicode_ci DEFAULT NULL,
  `created_at` timestamp NULL DEFAULT NULL,
  `updated_at` timestamp NULL DEFAULT NULL,
  PRIMARY KEY (`id`),
  UNIQUE KEY `categories_slug_unique` (`slug`)
) ENGINE=InnoDB AUTO_INCREMENT=8 DEFAULT CHARSET=utf8mb4 COLLATE=utf8mb4_unicode_ci;

-- Dumping data for table blog_news.categories: ~0 rows (approximately)
INSERT INTO `categories` (`id`, `title`, `slug`, `text_color`, `bg_color`, `created_at`, `updated_at`) VALUES
	(1, 'Beginner Level', 'beginner-level', 'gray', 'gray', '2024-08-12 08:14:59', '2024-08-12 12:28:09'),
	(2, 'Routing and Controllers: Basics', 'routing-and-controllers-basics', 'blue', 'blue', '2024-08-12 08:19:25', '2024-08-12 08:19:25'),
	(3, 'Blade Basics', 'blade-basics', 'red', 'red', '2024-08-12 12:21:49', '2024-08-12 12:21:49'),
	(4, 'Auth Basics', 'auth-basics', 'yellow', 'yellow', '2024-08-12 12:22:03', '2024-08-12 12:22:03'),
	(5, 'Database Basics', 'database-basics', 'pink', 'pink', '2024-08-12 12:22:38', '2024-08-12 12:22:38'),
	(6, 'Full Simple CRUD', 'full-simple-crud', 'indigo', 'indigo', '2024-08-12 12:23:06', '2024-08-12 12:23:06'),
	(7, 'Personal Blog', 'personal-blog', 'green', 'green', '2024-08-12 12:23:23', '2024-08-12 12:23:23');

-- Dumping structure for table blog_news.category_post
CREATE TABLE IF NOT EXISTS `category_post` (
  `id` bigint unsigned NOT NULL AUTO_INCREMENT,
  `category_id` bigint unsigned NOT NULL,
  `post_id` bigint unsigned NOT NULL,
  `created_at` timestamp NULL DEFAULT NULL,
  `updated_at` timestamp NULL DEFAULT NULL,
  PRIMARY KEY (`id`)
) ENGINE=InnoDB AUTO_INCREMENT=45 DEFAULT CHARSET=utf8mb4 COLLATE=utf8mb4_unicode_ci;

-- Dumping data for table blog_news.category_post: ~0 rows (approximately)
INSERT INTO `category_post` (`id`, `category_id`, `post_id`, `created_at`, `updated_at`) VALUES
	(1, 2, 1, NULL, NULL),
	(2, 2, 2, NULL, NULL),
	(3, 2, 3, NULL, NULL),
	(4, 2, 4, NULL, NULL),
	(5, 2, 5, NULL, NULL),
	(6, 1, 1, NULL, NULL),
	(7, 1, 2, NULL, NULL),
	(8, 1, 3, NULL, NULL),
	(9, 1, 4, NULL, NULL),
	(10, 1, 5, NULL, NULL),
	(11, 1, 6, NULL, NULL),
	(12, 3, 6, NULL, NULL),
	(13, 1, 7, NULL, NULL),
	(14, 3, 7, NULL, NULL),
	(15, 1, 8, NULL, NULL),
	(16, 3, 8, NULL, NULL),
	(17, 1, 9, NULL, NULL),
	(18, 3, 9, NULL, NULL),
	(19, 1, 10, NULL, NULL),
	(20, 4, 10, NULL, NULL),
	(21, 1, 11, NULL, NULL),
	(22, 4, 11, NULL, NULL),
	(23, 1, 12, NULL, NULL),
	(24, 4, 12, NULL, NULL),
	(25, 1, 13, NULL, NULL),
	(26, 4, 13, NULL, NULL),
	(27, 1, 14, NULL, NULL),
	(28, 5, 14, NULL, NULL),
	(29, 1, 15, NULL, NULL),
	(30, 5, 15, NULL, NULL),
	(31, 1, 16, NULL, NULL),
	(32, 5, 16, NULL, NULL),
	(33, 1, 17, NULL, NULL),
	(34, 5, 17, NULL, NULL),
	(35, 1, 18, NULL, NULL),
	(36, 6, 18, NULL, NULL),
	(37, 1, 19, NULL, NULL),
	(38, 6, 19, NULL, NULL),
	(39, 1, 20, NULL, NULL),
	(40, 6, 20, NULL, NULL),
	(41, 1, 21, NULL, NULL),
	(42, 6, 21, NULL, NULL),
	(43, 1, 22, NULL, NULL),
	(44, 7, 22, NULL, NULL);

-- Dumping structure for table blog_news.comments
CREATE TABLE IF NOT EXISTS `comments` (
  `id` bigint unsigned NOT NULL AUTO_INCREMENT,
  `user_id` bigint unsigned NOT NULL,
  `post_id` bigint unsigned NOT NULL,
  `comment` varchar(255) COLLATE utf8mb4_unicode_ci NOT NULL,
  `created_at` timestamp NULL DEFAULT NULL,
  `updated_at` timestamp NULL DEFAULT NULL,
  PRIMARY KEY (`id`)
) ENGINE=InnoDB DEFAULT CHARSET=utf8mb4 COLLATE=utf8mb4_unicode_ci;

-- Dumping data for table blog_news.comments: ~0 rows (approximately)

-- Dumping structure for table blog_news.failed_jobs
CREATE TABLE IF NOT EXISTS `failed_jobs` (
  `id` bigint unsigned NOT NULL AUTO_INCREMENT,
  `uuid` varchar(255) COLLATE utf8mb4_unicode_ci NOT NULL,
  `connection` text COLLATE utf8mb4_unicode_ci NOT NULL,
  `queue` text COLLATE utf8mb4_unicode_ci NOT NULL,
  `payload` longtext COLLATE utf8mb4_unicode_ci NOT NULL,
  `exception` longtext COLLATE utf8mb4_unicode_ci NOT NULL,
  `failed_at` timestamp NOT NULL DEFAULT CURRENT_TIMESTAMP,
  PRIMARY KEY (`id`),
  UNIQUE KEY `failed_jobs_uuid_unique` (`uuid`)
) ENGINE=InnoDB DEFAULT CHARSET=utf8mb4 COLLATE=utf8mb4_unicode_ci;

-- Dumping data for table blog_news.failed_jobs: ~0 rows (approximately)

-- Dumping structure for table blog_news.migrations
CREATE TABLE IF NOT EXISTS `migrations` (
  `id` int unsigned NOT NULL AUTO_INCREMENT,
  `migration` varchar(255) COLLATE utf8mb4_unicode_ci NOT NULL,
  `batch` int NOT NULL,
  PRIMARY KEY (`id`)
) ENGINE=InnoDB AUTO_INCREMENT=13 DEFAULT CHARSET=utf8mb4 COLLATE=utf8mb4_unicode_ci;

-- Dumping data for table blog_news.migrations: ~0 rows (approximately)
INSERT INTO `migrations` (`id`, `migration`, `batch`) VALUES
	(1, '2014_10_12_000000_create_users_table', 1),
	(2, '2014_10_12_100000_create_password_reset_tokens_table', 1),
	(3, '2014_10_12_200000_add_two_factor_columns_to_users_table', 1),
	(4, '2019_08_19_000000_create_failed_jobs_table', 1),
	(5, '2019_12_14_000001_create_personal_access_tokens_table', 1),
	(6, '2024_08_06_072611_create_sessions_table', 1),
	(7, '2024_08_06_090423_create_posts_table', 1),
	(8, '2024_08_06_090617_create_categories_table', 1),
	(9, '2024_08_06_090741_create_category_post_table', 1),
	(10, '2024_08_08_094631_create_post_like_table', 1),
	(11, '2024_08_10_085407_create_comments_table', 1),
	(12, '2024_08_10_092205_add_role_to_users', 1);

-- Dumping structure for table blog_news.password_reset_tokens
CREATE TABLE IF NOT EXISTS `password_reset_tokens` (
  `email` varchar(255) COLLATE utf8mb4_unicode_ci NOT NULL,
  `token` varchar(255) COLLATE utf8mb4_unicode_ci NOT NULL,
  `created_at` timestamp NULL DEFAULT NULL,
  PRIMARY KEY (`email`)
) ENGINE=InnoDB DEFAULT CHARSET=utf8mb4 COLLATE=utf8mb4_unicode_ci;

-- Dumping data for table blog_news.password_reset_tokens: ~0 rows (approximately)

-- Dumping structure for table blog_news.personal_access_tokens
CREATE TABLE IF NOT EXISTS `personal_access_tokens` (
  `id` bigint unsigned NOT NULL AUTO_INCREMENT,
  `tokenable_type` varchar(255) COLLATE utf8mb4_unicode_ci NOT NULL,
  `tokenable_id` bigint unsigned NOT NULL,
  `name` varchar(255) COLLATE utf8mb4_unicode_ci NOT NULL,
  `token` varchar(64) COLLATE utf8mb4_unicode_ci NOT NULL,
  `abilities` text COLLATE utf8mb4_unicode_ci,
  `last_used_at` timestamp NULL DEFAULT NULL,
  `expires_at` timestamp NULL DEFAULT NULL,
  `created_at` timestamp NULL DEFAULT NULL,
  `updated_at` timestamp NULL DEFAULT NULL,
  PRIMARY KEY (`id`),
  UNIQUE KEY `personal_access_tokens_token_unique` (`token`),
  KEY `personal_access_tokens_tokenable_type_tokenable_id_index` (`tokenable_type`,`tokenable_id`)
) ENGINE=InnoDB DEFAULT CHARSET=utf8mb4 COLLATE=utf8mb4_unicode_ci;

-- Dumping data for table blog_news.personal_access_tokens: ~0 rows (approximately)

-- Dumping structure for table blog_news.posts
CREATE TABLE IF NOT EXISTS `posts` (
  `id` bigint unsigned NOT NULL AUTO_INCREMENT,
  `user_id` bigint unsigned NOT NULL,
  `image` varchar(255) COLLATE utf8mb4_unicode_ci DEFAULT NULL,
  `title` varchar(255) COLLATE utf8mb4_unicode_ci NOT NULL,
  `slug` varchar(255) COLLATE utf8mb4_unicode_ci NOT NULL,
  `body` text COLLATE utf8mb4_unicode_ci NOT NULL,
  `published_at` timestamp NULL DEFAULT NULL,
  `featured` tinyint(1) NOT NULL DEFAULT '0',
  `deleted_at` timestamp NULL DEFAULT NULL,
  `created_at` timestamp NULL DEFAULT NULL,
  `updated_at` timestamp NULL DEFAULT NULL,
  PRIMARY KEY (`id`),
  UNIQUE KEY `posts_slug_unique` (`slug`)
) ENGINE=InnoDB AUTO_INCREMENT=23 DEFAULT CHARSET=utf8mb4 COLLATE=utf8mb4_unicode_ci;

-- Dumping data for table blog_news.posts: ~0 rows (approximately)
INSERT INTO `posts` (`id`, `user_id`, `image`, `title`, `slug`, `body`, `published_at`, `featured`, `deleted_at`, `created_at`, `updated_at`) VALUES
	(1, 1, 'posts/thumbnails/01J535759CFHYCMWB2GMD2ZZ4Q.png', '01 : Callback Functions and Route::view', 'callback-functions-and-routeview', '<ol><li>Basic Routing <br>&nbsp;<a href="https://laravel.com/docs/10.x/routing?fbclid=IwZXh0bgNhZW0CMTAAAR308LXHLQXLnBajiihGRdEAVNyK7ri-qTHvJIZFx3U3TlCW08EceffKTbs_aem_oNlLh1FWgpkMNqYTBFxBQQ#basic-routing"><span style="text-decoration: underline;">https://laravel.com/docs/10.x/routing#basic-routing</span></a></li><li>View Routes <br><a href="https://laravel.com/docs/10.x/routing?fbclid=IwZXh0bgNhZW0CMTAAAR2pZjpcyIZflY5nqyPVlr311OEOtI8jrUmOOJrmGPceWELVurYu3Mz9hkI_aem_qrDEZ0oNdWx8Gz3hAcMjNg#view-routes"><span style="text-decoration: underline;">https://laravel.com/docs/10.x/routing#view-routes</span></a></li></ol><p><br></p>', '2024-08-12 11:22:28', 0, NULL, '2024-08-12 08:22:48', '2024-08-12 12:48:55'),
	(2, 1, 'posts/thumbnails/01J537VSRGQJMCRW5R1YHJ6CTY.webp', '02 : Routing to a Single Controller Method', 'routing-to-a-single-controller-method', '<p>Basic Controllers with Routes&nbsp;</p><p><a href="https://laravel.com/docs/10.x/controllers?fbclid=IwZXh0bgNhZW0CMTAAAR0ENuIe-HMfgP7Lv12kLJIuJRbaUSu6DeOmCU9_bgzdgLpdbS7pRR-NOP0_aem__wukUDYxykUcjTyIuxGKqg#basic-controllers"><span style="text-decoration: underline;">https://laravel.com/docs/10.x/controllers#basic-controllers</span></a></p>', '2024-08-12 12:07:59', 0, NULL, '2024-08-12 12:09:01', '2024-08-12 12:27:05'),
	(3, 1, 'posts/thumbnails/01J5381RFE2275WFP600RMFQKR.webp', '03 : Route Parameters', 'route-parameters', '<p><a href="https://laravel.com/docs/10.x/routing?fbclid=IwZXh0bgNhZW0CMTAAAR1FRpa7ePc9Em8cPtEbJPAgnvLfcS4r4FmV-h8Jzkwfe7XGeH0hOZduIAM_aem_OvkZT7ufZmX-kvKiXpeAxA#route-parameters"><span style="text-decoration: underline;">https://laravel.com/docs/10.x/routing#route-parameters</span></a></p>', '2024-08-12 12:12:53', 0, NULL, '2024-08-12 12:12:17', '2024-08-12 12:27:15'),
	(4, 1, 'posts/thumbnails/01J5387GA4C1K13KCT6SK0BAR5.webp', '04 : Route Naming', 'route-naming', '<ol><li><a href="https://laravel.com/docs/10.x/routing?fbclid=IwZXh0bgNhZW0CMTAAAR22Yt1tjEqLuf2pgDq6hac-mqF6LaJ9r5LqPSlFN4XNYL8Bxne8tDrAUGw_aem_UeSULnrxwzgxiWITNo7nvQ#named-routes"><span style="text-decoration: underline;">https://laravel.com/docs/10.x/routing#named-routes</span></a><br>Why You Need Route Names</li><li><a href="https://www.youtube.com/watch?v=7lalb6HtR1c&amp;fbclid=IwZXh0bgNhZW0CMTAAAR3PctD5SzKyhcxjAtX-YupFKYtJ0BrH4waZYwnOszi6cJm1T_IFZN_0Pq4_aem_5K3GsuiwE5sELeOjvOacwA"><span style="text-decoration: underline;">https://www.youtube.com/watch?v=7lalb6HtR1c</span></a>&nbsp;</li></ol><p><br></p>', '2024-08-12 12:15:14', 0, NULL, '2024-08-12 12:15:25', '2024-08-12 12:27:25'),
	(5, 1, 'posts/thumbnails/01J538CDC04AEJHKK82P178E83.jpg', '05 : Route Groups', 'route-groups', '<ol><li>Route Groups<br><a href="https://laravel.com/docs/10.x/routing?fbclid=IwZXh0bgNhZW0CMTAAAR3XwxKaC5svwAsvoAt967w7NIL7_sL1mo8hyqiJCnRY7ukRMRsTQkTsUsc_aem_xG3HIfCwfANgQbn1q2_oMQ#route-groups"><span style="text-decoration: underline;">https://laravel.com/docs/10.x/routing#route-groups</span></a></li><li>Laravel Route Grouping: Simple to Very Complex<br><a href="https://www.youtube.com/watch?v=I6kyfSmPhn8&amp;fbclid=IwZXh0bgNhZW0CMTAAAR1iDNnsJTH3clp9VKEZ_ar4Ibp5nvSYeuGk6cCOwQ8KqCjy3_lKRTsRJ-c_aem_kJKzg65rb6pK0p0PZO53Rg"><span style="text-decoration: underline;">https://www.youtube.com/watch?v=I6kyfSmPhn8</span></a><ol><li>cruddy by design adam wathan laracon us 2017</li></ol></li><li>Code Review: Route Groups - User/Admin, Controller Names(paces)<br><a href="https://www.youtube.com/watch?v=AOwCE25bhSU&amp;fbclid=IwZXh0bgNhZW0CMTAAAR3Wr9xz_H0ZNL6ooTRvcU1QptbPv7fJsRgMYVdQMMrbfCinXYWkSWI4yfE_aem_w1toM-hthH4EcPJ7btg5Uw"><span style="text-decoration: underline;">https://www.youtube.com/watch?v=AOwCE25bhSU</span></a></li></ol><p><br></p><h2>Test: <a href="https://www.youtube.com/watch?v=pENlD3izA3Q&amp;fbclid=IwZXh0bgNhZW0CMTAAAR2ggfDHW8tFVWJIF3TP__8h9pNvKlcUsojy7eponHuo2TVCB_B47cxNPhw_aem_4W9Jx51zVaLmPA2_sOY4_w"><span style="text-decoration: underline;">https://www.youtube.com/watch?v=pENlD3izA3Q</span></a></h2><h2><strong>Other sources</strong></h2><p>1-Laravel From Scratch [Part 3] - Basic Routing &amp; Controllers</p><p><a href="https://www.youtube.com/watch?v=sLFNVXY0APk&amp;fbclid=IwZXh0bgNhZW0CMTAAAR3Wr9xz_H0ZNL6ooTRvcU1QptbPv7fJsRgMYVdQMMrbfCinXYWkSWI4yfE_aem_w1toM-hthH4EcPJ7btg5Uw"><span style="text-decoration: underline;">https://www.youtube.com/watch?v=sLFNVXY0APk</span></a></p><p>2-Laravel Routes, Controllers and Views</p><p><a href="https://www.youtube.com/watch?v=zDNF73Fdb5U&amp;fbclid=IwZXh0bgNhZW0CMTAAAR3Wr9xz_H0ZNL6ooTRvcU1QptbPv7fJsRgMYVdQMMrbfCinXYWkSWI4yfE_aem_w1toM-hthH4EcPJ7btg5Uw"><span style="text-decoration: underline;">https://www.youtube.com/watch?v=zDNF73Fdb5U</span></a></p><p>3-Laravel Routes and Views, How they work Together?</p><p><a href="https://www.youtube.com/watch?v=cLZDhMdrCGw&amp;fbclid=IwZXh0bgNhZW0CMTAAAR19-h1ANa3ZoT7xTuJwhdGWWgYC0PQscLjHq7gZE1xhxXNOG5PJHC8Po74_aem_6UHMU_497M8IusPASz3xTw"><span style="text-decoration: underline;">https://www.youtube.com/watch?v=cLZDhMdrCGw</span></a></p><p>4-Laravel Routing basics | Laravel 10 tutorial</p><p><a href="https://www.youtube.com/watch?v=9kL1RdMywGo&amp;fbclid=IwZXh0bgNhZW0CMTAAAR0DWmLuKrkuAO12wwXoLINdmUXqhPbJoGmEfQDCJf04OfwCEgJmqAiU8yo_aem_AUktm6SCMOjEBWoShRFHlw"><span style="text-decoration: underline;">https://www.youtube.com/watch?v=9kL1RdMywGo</span></a></p><p>5-Route Controller and View in Laravel | Tutorial for Beginners | Laravel 10</p><p><a href="https://l.facebook.com/l.php?u=https%3A%2F%2Fwww.youtube.com%2Fwatch%3Fv%3D-YcavWxnqMs%26fbclid%3DIwZXh0bgNhZW0CMTAAAR3Wr9xz_H0ZNL6ooTRvcU1QptbPv7fJsRgMYVdQMMrbfCinXYWkSWI4yfE_aem_w1toM-hthH4EcPJ7btg5Uw&amp;h=AT2AU0W3bQtqkp9ZhG4vjU2Qi4q54jqXdUPufDQ2F-StQ1VjFp_NdSTJQBYPELqN1Vpk7jUCjde8iAdtARn6SxZjW2eLHmX8b0yJMmI4u5PfK7S36-13HVeow84fRXkwA37t&amp;__tn__=-UK-R&amp;c[0]=AT0I_s6Vb4c4Y_qx5mNGrHUc0b8J9dyY974cvBYP0BIWcKnElDq8Z49Oe32in5ao2AOBPNu6PlEsu1EOa1iZwqiKOM12m3E0zUIytyvqfkj5sOoT2VcSsiz1V_AfAgFWrXDfw-AxJ7RWQaf22AufWfviDOCeU4TiBgIi8z5_9UBDbEyGeUl8SipUJBDt5OqIkhaGpboG4w"><span style="text-decoration: underline;">https://www.youtube.com/watch?v=-YcavWxnqMs</span></a></p><p>6-Laravel Routing in details part 1,2,3&nbsp; | Arabic للمهندس محمود انور <a href="https://www.facebook.com/mahmoudanwardev?__cft__[0]=AZVbI0SrBM9y6Nhb-jY9q99G3S8yYFSRL_p3o3NcBhN3KHKDSC26YN9xWs3eMOcvZKA121lUoCLgxBbM1ldRgR86oUOYkOrlbXf0qxiDoAqsqI6_rTi4yVuM5ayOn1YtFig7LaOsgBAkIh0_-v0lYigZkdPeE3DBJieoTabVlEMwsZQ0G0uYWXJZaiXEN2-1PSw&amp;__tn__=-]K-R"><span style="text-decoration: underline;">Mahmoud Anwar Dev</span></a></p><p><a href="https://www.youtube.com/watch?v=BP5htI53tG0&amp;list=PLxxZ9NP6hK8czaUux90UFKGaSNZEAJ8W6&amp;index=9&amp;fbclid=IwZXh0bgNhZW0CMTAAAR0FV4xZb3sJV4IAJf5RO69nKycjLYbtXuv1lO5T6JF6bkgNR1VfJ8OJGmE_aem_vQcKX8DinehSMCK6nlBgAQ"><span style="text-decoration: underline;">https://www.youtube.com/watch?v=BP5htI53tG0...</span></a></p><p><a href="https://www.youtube.com/watch?v=8LpOTGqLroY&amp;list=PLxxZ9NP6hK8czaUux90UFKGaSNZEAJ8W6&amp;index=10&amp;fbclid=IwZXh0bgNhZW0CMTAAAR2-7e1HMPoecQ7X2SaSnKM23HN4NCsYGBGcFtleXVIabheUkL5duP-NKPs_aem_FQBa3wlfHBU4-Q_gU2sfxA"><span style="text-decoration: underline;">https://www.youtube.com/watch?v=8LpOTGqLroY...</span></a></p><p><a href="https://www.youtube.com/watch?v=yYLlzWeVrBE&amp;list=PLxxZ9NP6hK8czaUux90UFKGaSNZEAJ8W6&amp;index=11&amp;fbclid=IwZXh0bgNhZW0CMTAAAR3s3g_IpjizKj5R7Q0cwMQigaoU0bDPQjT_xaoXBfiiYnYr0PsWdpIVcL0_aem_dCKuWsWvfucts9Ljq3fg9A"><span style="text-decoration: underline;">https://www.youtube.com/watch?v=yYLlzWeVrBE...</span></a></p><p>7-laravel 9 Routing على قناة Mora Soft</p><p><a href="https://www.youtube.com/watch?v=MIrctekneRc&amp;list=PLftLUHfDSiZ4GfPZxaFDsA7ejUzD7SpWa&amp;index=6&amp;fbclid=IwZXh0bgNhZW0CMTAAAR1NeJZ61BOu9Nax87VW-_NM8hogGzlwFBKme5d88ERsMr61hip5GHRy1L0_aem_TwOEl66JbTUPLKdNHfymng"><span style="text-decoration: underline;">https://www.youtube.com/watch?v=MIrctekneRc...</span></a></p><p><a href="https://l.facebook.com/l.php?u=https%3A%2F%2Fwww.youtube.com%2Fwatch%3Fv%3DoJHmPfE0lWE%26list%3DPLftLUHfDSiZ4GfPZxaFDsA7ejUzD7SpWa%26index%3D7%26fbclid%3DIwZXh0bgNhZW0CMTAAAR3kfsQKPp84mr7iUffxtBtd4sEApd5TCq4hQWH1BxChUKPzfM1bfifNbM4_aem_TELZHqMhumN4D4Tdw6Ving&amp;h=AT0YFHR-ioi_YGlneSnQlQC5dS3bXTqqs9DVZF_MrTFtxeq3XS-_Cd9SMHrYa-ZpCZAnHvnxUfhrdC_cQPa-3guKtgWykdGrCKRtA6repBwc-7ezRoIPsg54lLSLiIZKda16&amp;__tn__=-UK-R&amp;c[0]=AT0I_s6Vb4c4Y_qx5mNGrHUc0b8J9dyY974cvBYP0BIWcKnElDq8Z49Oe32in5ao2AOBPNu6PlEsu1EOa1iZwqiKOM12m3E0zUIytyvqfkj5sOoT2VcSsiz1V_AfAgFWrXDfw-AxJ7RWQaf22AufWfviDOCeU4TiBgIi8z5_9UBDbEyGeUl8SipUJBDt5OqIkhaGpboG4w"><span style="text-decoration: underline;">https://www.youtube.com/watch?v=oJHmPfE0lWE...</span></a></p><p><a href="https://l.facebook.com/l.php?u=https%3A%2F%2Fwww.youtube.com%2Fwatch%3Fv%3DsfmK1CbgOfE%26list%3DPLftLUHfDSiZ4GfPZxaFDsA7ejUzD7SpWa%26index%3D8%26fbclid%3DIwZXh0bgNhZW0CMTAAAR2WqQJB8jLwnNwjymASC66lklosGp7S_Lu04tcybEVP66wHrkU8us0NuGw_aem_p8-IljCXTPR7Es8xv9i0FQ&amp;h=AT0RD5DBJXh9-TJCGemz-2ym7Q8iCQiHWhLAkeeCKc4aZd_qq6qLVeGaydxE7Jvl7Pf1q2NMIYvG--2jFigxvHATNBrezrz0YzAdyP5xjae3czlboGydxeKmoo1gwJyTpI2s&amp;__tn__=-UK-R&amp;c[0]=AT0I_s6Vb4c4Y_qx5mNGrHUc0b8J9dyY974cvBYP0BIWcKnElDq8Z49Oe32in5ao2AOBPNu6PlEsu1EOa1iZwqiKOM12m3E0zUIytyvqfkj5sOoT2VcSsiz1V_AfAgFWrXDfw-AxJ7RWQaf22AufWfviDOCeU4TiBgIi8z5_9UBDbEyGeUl8SipUJBDt5OqIkhaGpboG4w"><span style="text-decoration: underline;">https://www.youtube.com/watch?v=sfmK1CbgOfE...</span></a></p><h2>Articles</h2><p><a href="https://www.javatpoint.com/laravel-routing-controllers?fbclid=IwZXh0bgNhZW0CMTAAAR10GddfJGH9DW_BJrX0Cv2ASmyKb7OaTQaaLcUjFxc7HKvGfWaZLWzvfdk_aem_Bgnz9tLTpCL9xEMZALMpuA"><span style="text-decoration: underline;">https://www.javatpoint.com/laravel-routing-controllers</span></a></p><p><a href="https://www.educba.com/laravel-route-controller/?fbclid=IwZXh0bgNhZW0CMTAAAR0BcSXqY10wr98JUH2YbRXoVc_vwnkCCQyd4IR44GH7u0zA57UogxLkakM_aem_gqprORs6t5V-70ezCutEMQ"><span style="text-decoration: underline;">https://www.educba.com/laravel-route-controller/</span></a></p><p><a href="https://www.cloudways.com/blog/routing-in-laravel/?fbclid=IwZXh0bgNhZW0CMTAAAR10GddfJGH9DW_BJrX0Cv2ASmyKb7OaTQaaLcUjFxc7HKvGfWaZLWzvfdk_aem_Bgnz9tLTpCL9xEMZALMpuA"><span style="text-decoration: underline;">https://www.cloudways.com/blog/routing-in-laravel/</span></a></p><p><a href="https://kinsta.com/blog/laravel-routes/?fbclid=IwZXh0bgNhZW0CMTAAAR3K5WOy7MrhT3bt5moW6eKeBHEEgTsRqBTcy145KyOkB5_5bfkIwqqRNFY_aem_we9R7BTyc50s4id65Jsynw"><span style="text-decoration: underline;">https://kinsta.com/blog/laravel-routes/</span></a></p><p><a href="https://www.linkedin.com/pulse/what-routing-laravel-krishnakumar-karancherry/?fbclid=IwZXh0bgNhZW0CMTAAAR2oolaoQG2iinKWeUJQcqANb6Mc_WeaduKn8lPDEyQeD6BKJdMMgezM9KQ_aem_kEPDfBnbSOj0kMH9vdn11g"><span style="text-decoration: underline;">https://www.linkedin.com/.../what-routing-laravel.../</span></a></p><p><a href="https://www.javatpoint.com/laravel-basic-routing?fbclid=IwZXh0bgNhZW0CMTAAAR3Y3hq1kNjjOtWKEs8au1xT1WXhKrQYPoTaWQNm5VzNBFSgRcPdgOL0EGg_aem_J6VC8IPQIyZmngs7I6fWsA"><span style="text-decoration: underline;">https://www.javatpoint.com/laravel-basic-routing</span></a></p><p><a href="https://www.w3schools.in/laravel/routing?fbclid=IwZXh0bgNhZW0CMTAAAR10GddfJGH9DW_BJrX0Cv2ASmyKb7OaTQaaLcUjFxc7HKvGfWaZLWzvfdk_aem_Bgnz9tLTpCL9xEMZALMpuA#google_vignette"><span style="text-decoration: underline;">https://www.w3schools.in/laravel/routing#google_vignette</span></a></p><p><a href="https://www.geeksforgeeks.org/laravel-routing-basics/?fbclid=IwZXh0bgNhZW0CMTAAAR22Yt1tjEqLuf2pgDq6hac-mqF6LaJ9r5LqPSlFN4XNYL8Bxne8tDrAUGw_aem_UeSULnrxwzgxiWITNo7nvQ"><span style="text-decoration: underline;">https://www.geeksforgeeks.org/laravel-routing-basics/</span></a></p><p><br></p><p><br></p>', '2024-08-12 12:17:28', 1, NULL, '2024-08-12 12:18:06', '2024-08-12 12:29:02'),
	(6, 1, 'posts/thumbnails/01J5399T6MB3Z8K4EY7MSDXT79.jpg', '01-Displaying Variables in Blade', 'displaying-variables-in-blade', '<p><a href="https://laravel.com/docs/10.x/blade?fbclid=IwZXh0bgNhZW0CMTAAAR2WTDUiXQMBJTzGHhNPPXdafWS_Bt0roQnyhS-Dce58kt_OHY1S7EefF08_aem_NFeD2xc4GyrlfuINeINMeQ#displaying-data"><span style="text-decoration: underline;">https://laravel.com/docs/10.x/blade#displaying-data</span></a></p>', '2024-08-12 12:33:36', 0, NULL, '2024-08-12 12:34:09', '2024-08-12 12:34:44'),
	(7, 1, 'posts/thumbnails/01J539NM4EK6PB65HJY5G5YB6K.png', '02-Blade If-Else and Loop Structures', 'blade-if-else-and-loop-structures', '<ol><li>If-Statements=&gt;<br><a href="https://laravel.com/docs/10.x/blade?fbclid=IwZXh0bgNhZW0CMTAAAR3IqRzyFZnZSUhpW98XxA3C7BNU0SwMWxq10ACJHFoXEvE6BkFD7PRebB4_aem_LQQON0eizx6DGkwYEKDV_A#if-statements"><span style="text-decoration: underline;">https://laravel.com/docs/10.x/blade#if-statements</span></a></li><li>Blade Loops =&gt;<br><a href="https://laravel.com/docs/10.x/blade?fbclid=IwZXh0bgNhZW0CMTAAAR345j_Mo2pI_99KyA_5ethTiik1Kd52VNJjfYJ-m8VAMqnFvhlUJzYEg5I_aem_GBYBMj7lp2QOgTriRu2OlQ#loops"><span style="text-decoration: underline;">https://laravel.com/docs/10.x/blade#loops</span></a></li></ol><p><br></p>', '2024-08-12 12:39:29', 0, NULL, '2024-08-12 12:40:36', '2024-08-12 12:40:36'),
	(8, 1, 'posts/thumbnails/01J539WPHVW167YSMW45R02YC0.jpg', '03-Layout: @include, @extends, @section, @yield', 'layout-at-include-at-extends-at-section-at-yield', '<p><a href="https://laravel.com/docs/10.x/blade?fbclid=IwZXh0bgNhZW0CMTAAAR0HP_56khBxyI6g_cr_j2xBtK1tx3USIbJbRjs5EGVXhhddhfn32R5EZAU_aem_l_94e4bPLjhl24X6UyvjSQ#layouts-using-template-inheritance"><span style="text-decoration: underline;">https://laravel.com/docs/10.x/blade...</span></a></p>', '2024-08-12 12:43:07', 0, NULL, '2024-08-12 12:44:28', '2024-08-12 12:44:28'),
	(9, 1, 'posts/thumbnails/01J53A30NP7G9SH9ADHFEWG6H0.png', '04:  Blade Components', 'blade-components', '<ol><li>Blade Components<br><a href="https://laravel.com/docs/10.x/blade?fbclid=IwZXh0bgNhZW0CMTAAAR0ikjGdUHMp6ngDt6rFI-Mz-lbF-7KeH3dnQyJTJBloCBZk78xKWGWVqYU_aem_kyz-7Syz8Xj5DYntfLlUwA#components"><span style="text-decoration: underline;">https://laravel.com/docs/10.x/blade#components</span></a></li><li>Laravel Blade Components: Two Examples - Laravel Breeze/UI<br><a href="https://l.facebook.com/l.php?u=https%3A%2F%2Fwww.youtube.com%2Fwatch%3Fv%3DHybWBINeXMw%26fbclid%3DIwZXh0bgNhZW0CMTAAAR2WTDUiXQMBJTzGHhNPPXdafWS_Bt0roQnyhS-Dce58kt_OHY1S7EefF08_aem_NFeD2xc4GyrlfuINeINMeQ&amp;h=AT3XhwhhBs78XMRma8-zl-gzc32yqkYvstwryEGSKXdtIUCO-Wj8T0qOHde2ui18lPL3fBRRP2J6OhTKslxeXHlm2plOGF7MTKodK-WxehAMHyFG2jgdEbXCDqHDzX9c8dli&amp;__tn__=-UK-R&amp;c[0]=AT3G1lqkCKcknSRzMK_5ge4VmE4xytDkHLwf7scQNjFjCZ-QF3EYUhTXGzehIJbPj1pHaimbo3jv_M0FCZid-UbRh5d_LP53GY3Qk8pdy6YohQKYyHW81dSDYVj1JZpeham3dx0O5dtIXOXUvuvogLwLUaikP0h1GhA3Xdoa2ubNfhNoOOvv1j_p4viaQEAsdvRd0Sciiw"><span style="text-decoration: underline;">https://www.youtube.com/watch?v=HybWBINeXMw</span></a></li></ol><h3>9 Quick <strong style="text-decoration: underline;">Tips </strong>about Laravel Blade<br>https://www.youtube.com/watch?v=-Glz1InN68o</h3><h2>Test&nbsp;<a href="https://www.youtube.com/watch?v=P8s7UHuUhbg&amp;fbclid=IwZXh0bgNhZW0CMTAAAR1Kdr7jV3ASnuoOsmsMaI6kjLYFmgNskd8qF3iNJsIKo0eXetW_MS9NjPE_aem_kqRk3rD0FaCLLs5bo-2qAQ"><span style="text-decoration: underline;">https://www.youtube.com/watch?v=P8s7UHuUhbg</span></a></h2><h2>Other sources</h2><p>1-Laravel Blade 101 | Laravel 10 Tutorial&nbsp;</p><p><a href="https://www.youtube.com/watch?v=TNcBZNagXmM&amp;list=PLqDySLfPKRn5d7WbN9R0yJA9IRgx-XBlU&amp;index=8&amp;fbclid=IwZXh0bgNhZW0CMTAAAR1sS2YnuOnpSWvHYX3IUUEbyAHrceqXHkWdntuMGFi9rk8RnjV1rwUtg1Q_aem_n6ynaslzekd1xh-pHmPbGw"><span style="text-decoration: underline;">https://www.youtube.com/watch?v=TNcBZNagXmM...</span></a></p><p><a href="https://www.youtube.com/watch?v=3UhgEsLxmG8&amp;list=PLqDySLfPKRn5d7WbN9R0yJA9IRgx-XBlU&amp;index=9&amp;fbclid=IwZXh0bgNhZW0CMTAAAR3LaaRD8k2iyXS5w9bpWv8uWi1DfT5UnqLF34fmq7D2jKdNC5Nx5jCiLME_aem_NbLOz1mbmATenGoiwA-lDg"><span style="text-decoration: underline;">https://www.youtube.com/watch?v=3UhgEsLxmG8...</span></a></p><p>2-Laravel From Scratch [Part 4] - Blade Templating &amp; Compiling Assets</p><p><a href="https://www.youtube.com/watch?v=bSG2YMqJJys&amp;fbclid=IwZXh0bgNhZW0CMTAAAR0W_Z8mwZdpxD1-X7nokjXe_gcV4ZEUbqKkcRsf2g5HMBmrqQH9ftMvYW0_aem_NEap1B05L1x5-AIYIztVoQ"><span style="text-decoration: underline;">https://www.youtube.com/watch?v=bSG2YMqJJys</span></a></p><p>3-What is Blade Template in Laravel and How to Create Layouts in Blade Template</p><p><a href="https://l.facebook.com/l.php?u=https%3A%2F%2Fwww.youtube.com%2Fwatch%3Fv%3Dm1L9pTir4mo%26fbclid%3DIwZXh0bgNhZW0CMTAAAR3IqRzyFZnZSUhpW98XxA3C7BNU0SwMWxq10ACJHFoXEvE6BkFD7PRebB4_aem_LQQON0eizx6DGkwYEKDV_A&amp;h=AT2f8FoCMUB4Jy-aqfxiR-0fFB-QbBdOzOQTQs-z7enD0bNV7F-NY30A9xZrmwWOphqkRRWmFOBv_waMzNLNeoJ9AcIsgANPxR-GzYafIwiBFflPumdbKtYo8dIM9x9w-A_i&amp;__tn__=-UK-R&amp;c[0]=AT3G1lqkCKcknSRzMK_5ge4VmE4xytDkHLwf7scQNjFjCZ-QF3EYUhTXGzehIJbPj1pHaimbo3jv_M0FCZid-UbRh5d_LP53GY3Qk8pdy6YohQKYyHW81dSDYVj1JZpeham3dx0O5dtIXOXUvuvogLwLUaikP0h1GhA3Xdoa2ubNfhNoOOvv1j_p4viaQEAsdvRd0Sciiw"><span style="text-decoration: underline;">https://www.youtube.com/watch?v=m1L9pTir4mo</span></a></p><p>4-Laravel 8 tutorial # Blade Template</p><p><a href="https://www.youtube.com/watch?v=qCK7exhFZLs&amp;fbclid=IwZXh0bgNhZW0CMTAAAR3LzidAX6ELwWg09rvCA_UGZ85wMBszz2Jnuw7JWr9f3LjQzWxn82UdtyE_aem_QqN5WlNSnEyCTv9FpKAa8w"><span style="text-decoration: underline;">https://www.youtube.com/watch?v=qCK7exhFZLs</span></a></p><p>5-Laravel 9 blade templates in details part 1,2,3 | Arabic</p><p dir="rtl">للمهندس محمود انور <a href="https://www.facebook.com/mahmoudanwardev?__cft__[0]=AZXn5-WJf1-icFj-QpwG2-gyRJrAPc3Dh4kzoyvj8Udut8iBtZqZv-7z7cj8l1uc3gBKifI-JDRQqTa8hHN70ZmRwR3DLc0xSbKTRN-wURaSGBrZ_AlSsn5iwLjuA4oiuNtWEBz1SfAYgKuXH2PowAnO7qa-9IA1VY5E7p2WNSXZeIeQ1TGLfglFUR7np_7q-as&amp;__tn__=-]K-R"><span style="text-decoration: underline;">Mahmoud Anwar Dev</span></a></p><p><a href="https://l.facebook.com/l.php?u=https%3A%2F%2Fwww.youtube.com%2Fwatch%3Fv%3Ddx0kj3fynzI%26list%3DPLxxZ9NP6hK8czaUux90UFKGaSNZEAJ8W6%26index%3D20%26fbclid%3DIwZXh0bgNhZW0CMTAAAR3eZwpRbY8TPQccy9WPAJA4S6deszMiWgmrzs_VKXqYKu93goSE8Q4h7rA_aem_gekM1KnCOQiKMffsdTPlyg&amp;h=AT1w0O6hXflnsVbKjcWpzXh_6w6Wlo36mBv69VoqqJN036z-RJy5-0jeB2Qnln2ahs4AFZcK4HULLx9PQHIGlEnae0TeQ8YxYBhan6xJxfjPtFHaPtkfYrefOfCrgt0csNg3&amp;__tn__=-UK-R&amp;c[0]=AT3G1lqkCKcknSRzMK_5ge4VmE4xytDkHLwf7scQNjFjCZ-QF3EYUhTXGzehIJbPj1pHaimbo3jv_M0FCZid-UbRh5d_LP53GY3Qk8pdy6YohQKYyHW81dSDYVj1JZpeham3dx0O5dtIXOXUvuvogLwLUaikP0h1GhA3Xdoa2ubNfhNoOOvv1j_p4viaQEAsdvRd0Sciiw"><span style="text-decoration: underline;">https://www.youtube.com/watch?v=dx0kj3fynzI...</span></a></p><p><a href="https://l.facebook.com/l.php?u=https%3A%2F%2Fwww.youtube.com%2Fwatch%3Fv%3DPu-XjE5mv7U%26list%3DPLxxZ9NP6hK8czaUux90UFKGaSNZEAJ8W6%26index%3D21%26fbclid%3DIwZXh0bgNhZW0CMTAAAR17ic25PP_ExSsAroqF62oyiyCHnh56jaKnVlz7Mdg_4CU7UMvhTyeHXPw_aem_G0kqlPCT158FSvsn-sgKcA&amp;h=AT04BdKchSt13AkmrUkJAB7DlwrQY_emVH8jMNi59HZe13aFb0mI6idoMmYDvCUCuA-JWanpkXlIq989kG0Su-qJdkVVoY-cKESxxFSDAo8JQuwMjRTh6yl176pQRNLWxE8X&amp;__tn__=-UK-R&amp;c[0]=AT3G1lqkCKcknSRzMK_5ge4VmE4xytDkHLwf7scQNjFjCZ-QF3EYUhTXGzehIJbPj1pHaimbo3jv_M0FCZid-UbRh5d_LP53GY3Qk8pdy6YohQKYyHW81dSDYVj1JZpeham3dx0O5dtIXOXUvuvogLwLUaikP0h1GhA3Xdoa2ubNfhNoOOvv1j_p4viaQEAsdvRd0Sciiw"><span style="text-decoration: underline;">https://www.youtube.com/watch?v=Pu-XjE5mv7U...</span></a></p><p><a href="https://l.facebook.com/l.php?u=https%3A%2F%2Fwww.youtube.com%2Fwatch%3Fv%3DBNRlGBhDWh0%26list%3DPLxxZ9NP6hK8czaUux90UFKGaSNZEAJ8W6%26index%3D22%26fbclid%3DIwZXh0bgNhZW0CMTAAAR2MutEaL7OTob4E1wvZqtP8h_QL9y4tY5BavkPziNa5GOSyV2g-Ojs6AS4_aem_BHkca7qiE00sDS7m0lR41g&amp;h=AT3hhyW-Pc36D8AJBqG2ST8XyGiwTfixGnQPQAxZkGk3d4_JHWfUX7GtcMtQ3NnPHXnd9SEthdq-3ZVxUHNowFmkFD5KffU_EYKwtNw0ZVxCZ2RzhVYeV2RqgWI-tddXDCUt&amp;__tn__=-UK-R&amp;c[0]=AT3G1lqkCKcknSRzMK_5ge4VmE4xytDkHLwf7scQNjFjCZ-QF3EYUhTXGzehIJbPj1pHaimbo3jv_M0FCZid-UbRh5d_LP53GY3Qk8pdy6YohQKYyHW81dSDYVj1JZpeham3dx0O5dtIXOXUvuvogLwLUaikP0h1GhA3Xdoa2ubNfhNoOOvv1j_p4viaQEAsdvRd0Sciiw"><span style="text-decoration: underline;">https://www.youtube.com/watch?v=BNRlGBhDWh0...</span></a></p><p>6-laravel 9 Blade&nbsp; على قناة Mora Soft</p><p><a href="https://l.facebook.com/l.php?u=https%3A%2F%2Fwww.youtube.com%2Fwatch%3Fv%3DSlrTIg8sngg%26list%3DPLftLUHfDSiZ4GfPZxaFDsA7ejUzD7SpWa%26index%3D9%26fbclid%3DIwZXh0bgNhZW0CMTAAAR1U3CloIE_I372NGf1kifWgS7O0QCyLiHRPjlTyU2g5Dlmm61Q9mRA3wnY_aem_tNarm9vP_mq1v9fQDMCD0A&amp;h=AT0unilgIQjbf_bPZyoIIEqCrOJRX4VAQhj0fh9uVJluIzdyRIQ-j4QvR8lEkrGv_d9dXeQqqKGydERHVpee8nLhZyrLdZaDx-mWFxttri9VVh7XcpXxfDP0IsGe4PZdq2nx&amp;__tn__=-UK-R&amp;c[0]=AT3G1lqkCKcknSRzMK_5ge4VmE4xytDkHLwf7scQNjFjCZ-QF3EYUhTXGzehIJbPj1pHaimbo3jv_M0FCZid-UbRh5d_LP53GY3Qk8pdy6YohQKYyHW81dSDYVj1JZpeham3dx0O5dtIXOXUvuvogLwLUaikP0h1GhA3Xdoa2ubNfhNoOOvv1j_p4viaQEAsdvRd0Sciiw"><span style="text-decoration: underline;">https://www.youtube.com/watch?v=SlrTIg8sngg...</span></a></p><p><a href="https://l.facebook.com/l.php?u=https%3A%2F%2Fwww.youtube.com%2Fwatch%3Fv%3DhOSN2lsPmB4%26list%3DPLftLUHfDSiZ4GfPZxaFDsA7ejUzD7SpWa%26index%3D10%26fbclid%3DIwZXh0bgNhZW0CMTAAAR3W0HQ0yB0pF3R3vzkotXNShbhHRBSjoXQRvCw2aOI5v4ajwS4yh49RJno_aem__lplctXcjSr00r_uHpdMEQ&amp;h=AT2bYLb9ieMAfeBBjJY0ue5FckcDKwB5qhUTq-dhbRoQfvPJwHHfZeX_ApZJSjjVSiAyTSWCvkQEV3zzCv8nnixlOdCycSX8gcCqFDA_kHmTEntulzgPL5JcH69TBxXX5k-y&amp;__tn__=-UK-R&amp;c[0]=AT3G1lqkCKcknSRzMK_5ge4VmE4xytDkHLwf7scQNjFjCZ-QF3EYUhTXGzehIJbPj1pHaimbo3jv_M0FCZid-UbRh5d_LP53GY3Qk8pdy6YohQKYyHW81dSDYVj1JZpeham3dx0O5dtIXOXUvuvogLwLUaikP0h1GhA3Xdoa2ubNfhNoOOvv1j_p4viaQEAsdvRd0Sciiw"><span style="text-decoration: underline;">https://www.youtube.com/watch?v=hOSN2lsPmB4...</span></a></p><h2>Articles</h2><p><a href="https://www.cloudways.com/blog/create-laravel-blade-layout/?fbclid=IwZXh0bgNhZW0CMTAAAR2nFAkiW99kAx1cf7DV6dnXXfWePYGvLCd0jwEzEDt0jfK-7oi8Ux6-gOM_aem_eNvXBPZxg3CqI4ZgB0U8tQ"><span style="text-decoration: underline;">https://www.cloudways.com/blog/create-laravel-blade-layout/</span></a></p><p><a href="https://kinsta.com/blog/laravel-blade/?fbclid=IwZXh0bgNhZW0CMTAAAR1RaxDT_HjFe1CNGO0XnbIW1osSG_pFn6vwqNZfW9M4aGi8aJfGFvYUSv8_aem_7xhnaHpoER7Ttv2EDF7Xog"><span style="text-decoration: underline;">https://kinsta.com/blog/laravel-blade/</span></a></p><p><a href="https://www.javatpoint.com/laravel-blade-template?fbclid=IwZXh0bgNhZW0CMTAAAR04yKfjW2s0fvKMnV65-9_9OZyrglEMBG2HXwx7QfaF-1S0a576xZobKhI_aem_3Z2utP-AR1QcJmwnqfVL0w"><span style="text-decoration: underline;">https://www.javatpoint.com/laravel-blade-template</span></a></p><p><a href="https://www.tutorialspoint.com/laravel/laravel_blade_templates.htm?fbclid=IwZXh0bgNhZW0CMTAAAR3eZwpRbY8TPQccy9WPAJA4S6deszMiWgmrzs_VKXqYKu93goSE8Q4h7rA_aem_gekM1KnCOQiKMffsdTPlyg"><span style="text-decoration: underline;">https://www.tutorialspoint.com/.../laravel_blade...</span></a></p><p><a href="https://l.facebook.com/l.php?u=https%3A%2F%2Fstatamic.dev%2Fblade%3Ffbclid%3DIwZXh0bgNhZW0CMTAAAR17ic25PP_ExSsAroqF62oyiyCHnh56jaKnVlz7Mdg_4CU7UMvhTyeHXPw_aem_G0kqlPCT158FSvsn-sgKcA&amp;h=AT1E4wSwrI-dqnjFJNDX9gxEO8umW8t5_D0Kaz_xGvOzi6szvCj9bszD_Af9gv8gn0C4hDVahMipr8UAEHldOEGpj5Z3FpUBgzmDQ5q8trsxfpLmlE6MwL0Cx0SI9GJ5w7FR&amp;__tn__=-UK-R&amp;c[0]=AT3G1lqkCKcknSRzMK_5ge4VmE4xytDkHLwf7scQNjFjCZ-QF3EYUhTXGzehIJbPj1pHaimbo3jv_M0FCZid-UbRh5d_LP53GY3Qk8pdy6YohQKYyHW81dSDYVj1JZpeham3dx0O5dtIXOXUvuvogLwLUaikP0h1GhA3Xdoa2ubNfhNoOOvv1j_p4viaQEAsdvRd0Sciiw"><span style="text-decoration: underline;">https://statamic.dev/blade</span></a></p><p><a href="https://l.facebook.com/l.php?u=https%3A%2F%2Fwww.ionos.com%2Fdigitalguide%2Fwebsites%2Fweb-development%2Flaravel-blade-templates%2F%3Ffbclid%3DIwZXh0bgNhZW0CMTAAAR04yKfjW2s0fvKMnV65-9_9OZyrglEMBG2HXwx7QfaF-1S0a576xZobKhI_aem_3Z2utP-AR1QcJmwnqfVL0w&amp;h=AT2PCPjL-1mXKMuCsMNOTceyqv977ihf-dvC-VJxEtKElbDVDnlfEIpBt4Pf5_3ZaPBbBlMYuAM0UeKBaBph-YF7yxdfbRE5R4-1cfTNwRMO_bkZ-1aB1sOvz8_7GYGQa4aM&amp;__tn__=-UK-R&amp;c[0]=AT3G1lqkCKcknSRzMK_5ge4VmE4xytDkHLwf7scQNjFjCZ-QF3EYUhTXGzehIJbPj1pHaimbo3jv_M0FCZid-UbRh5d_LP53GY3Qk8pdy6YohQKYyHW81dSDYVj1JZpeham3dx0O5dtIXOXUvuvogLwLUaikP0h1GhA3Xdoa2ubNfhNoOOvv1j_p4viaQEAsdvRd0Sciiw"><span style="text-decoration: underline;">https://www.ionos.com/.../web.../laravel-blade-templates/</span></a></p><p><a href="https://l.facebook.com/l.php?u=https%3A%2F%2Fdev.to%2Farifiqbal%2Fintroduction-to-blade-templates-in-laravel-3n98%3Ffbclid%3DIwZXh0bgNhZW0CMTAAAR1prrqm_YFSlYjrVW6nR4cDH7Z0tIHLfQ5hX1xSuKJDQME2B4amChlC6hY_aem_SNeDPqqaUT9HvSkaanWVBA&amp;h=AT28QGL0WJoTFLYN09hblAfZo9ga-GGGtI4T2GZF4wbglST93G1Tn6d_sD9jCLPg_JdJ0Q-tSnI1OyGADbZ5AKSUfT7D1Aga9eGJik_kbJSmAohMo1PzZqmau5_CVf7RkUFz&amp;__tn__=-UK-R&amp;c[0]=AT3G1lqkCKcknSRzMK_5ge4VmE4xytDkHLwf7scQNjFjCZ-QF3EYUhTXGzehIJbPj1pHaimbo3jv_M0FCZid-UbRh5d_LP53GY3Qk8pdy6YohQKYyHW81dSDYVj1JZpeham3dx0O5dtIXOXUvuvogLwLUaikP0h1GhA3Xdoa2ubNfhNoOOvv1j_p4viaQEAsdvRd0Sciiw"><span style="text-decoration: underline;">https://dev.to/.../introduction-to-blade-templates-in...</span></a></p><p><a href="https://daylerees.com/code-happy-blade-templates/?fbclid=IwZXh0bgNhZW0CMTAAAR1LL0jWBrf1WLJyWhh4elmJFOMsEWSAFZFxwExG-TTyBYR3z4y6T31w2ro_aem_ZdW4IXzXn5fesdAoQouHMw"><span style="text-decoration: underline;">https://daylerees.com/code-happy-blade-templates/</span></a></p><p><a href="https://l.facebook.com/l.php?u=https%3A%2F%2Fmagecomp.com%2Fblog%2Fcreate-blade-template-layout-laravel%2F%3Ffbclid%3DIwZXh0bgNhZW0CMTAAAR1Kdr7jV3ASnuoOsmsMaI6kjLYFmgNskd8qF3iNJsIKo0eXetW_MS9NjPE_aem_kqRk3rD0FaCLLs5bo-2qAQ&amp;h=AT3s-pch3FKKLBrgCrWL2bVmI5krdWyVsT5gh0SMC3z0HY6ccFe3B4ns9wrLbgrhZrhlFlPaFL2AOdKQcbxlJDk_yKP6M-3jj4sPEPWa6_eYDnpLHrYWUmef6wLkss1nTPPJ&amp;__tn__=-UK-R&amp;c[0]=AT3G1lqkCKcknSRzMK_5ge4VmE4xytDkHLwf7scQNjFjCZ-QF3EYUhTXGzehIJbPj1pHaimbo3jv_M0FCZid-UbRh5d_LP53GY3Qk8pdy6YohQKYyHW81dSDYVj1JZpeham3dx0O5dtIXOXUvuvogLwLUaikP0h1GhA3Xdoa2ubNfhNoOOvv1j_p4viaQEAsdvRd0Sciiw"><span style="text-decoration: underline;">https://magecomp.com/.../create-blade-template-layout.../</span></a></p><p><a href="https://l.facebook.com/l.php?u=https%3A%2F%2Fmedium.com%2F%40iqbal.ramadhani55%2Fblade-template-in-laravel-aeea02a60dbe%3Ffbclid%3DIwZXh0bgNhZW0CMTAAAR0W_Z8mwZdpxD1-X7nokjXe_gcV4ZEUbqKkcRsf2g5HMBmrqQH9ftMvYW0_aem_NEap1B05L1x5-AIYIztVoQ&amp;h=AT3bUtd0bkQlCqiLjbJ-Or_17zckc-u3nlR8pgKLQAnxCbA7lsjfmRg5X1AV04Hpx5HWTbGywEZ5IpGrsYB_9s9_07XmhhZPjyG1cMkmXag908KlQrkGF1oXTnXFVv_D4sJK&amp;__tn__=-UK-R&amp;c[0]=AT3G1lqkCKcknSRzMK_5ge4VmE4xytDkHLwf7scQNjFjCZ-QF3EYUhTXGzehIJbPj1pHaimbo3jv_M0FCZid-UbRh5d_LP53GY3Qk8pdy6YohQKYyHW81dSDYVj1JZpeham3dx0O5dtIXOXUvuvogLwLUaikP0h1GhA3Xdoa2ubNfhNoOOvv1j_p4viaQEAsdvRd0Sciiw"><span style="text-decoration: underline;">https://medium.com/.../blade-template-in-laravel...</span></a></p><p><a href="https://l.facebook.com/l.php?u=https%3A%2F%2Fwww.geeksforgeeks.org%2Flaravel-blade-templates-inheritance%2F%3Ffbclid%3DIwZXh0bgNhZW0CMTAAAR3YMeBObXWkzwyRJlSQxD_SOT8S17qYvzG5Js80Rjlp7KI8qq-4g2mFzJE_aem_fOl-pJsXSD1pkMjBvPjELg&amp;h=AT3GBeafCRi6tJiuB0QYyglGAQ1ZoRDq6iv-5u-wzUS0AeR3J1pnmUt_pdLHg0zQDcZgYEUrJXgypoXShRHURmxXIFnG7D6y8gBeX7B5JX1egAkBkEU1xeLyx-nrdcA9jaM4&amp;__tn__=-UK-R&amp;c[0]=AT3G1lqkCKcknSRzMK_5ge4VmE4xytDkHLwf7scQNjFjCZ-QF3EYUhTXGzehIJbPj1pHaimbo3jv_M0FCZid-UbRh5d_LP53GY3Qk8pdy6YohQKYyHW81dSDYVj1JZpeham3dx0O5dtIXOXUvuvogLwLUaikP0h1GhA3Xdoa2ubNfhNoOOvv1j_p4viaQEAsdvRd0Sciiw"><span style="text-decoration: underline;">https://www.geeksforgeeks.org/laravel-blade-templates.../</span></a></p><p><a href="https://l.facebook.com/l.php?u=https%3A%2F%2Fdribbble.com%2Ftags%2Fblade-template-in-laravel%3Ffbclid%3DIwZXh0bgNhZW0CMTAAAR32f9LEENn65RPsommoexioiXiwahOlhMAwBUsOPSrWzo3g8_VOt9-680g_aem_uGYfNQteNzqY9EscnMVmrg&amp;h=AT3zsu938G8smiYARqsAy6CFOrYrmVwlx5NAoKdvT-Fx1yPPlsMX2lBxeDx1HngEOTFSgJ24YSp3A5TJ_XgDa-fSoj9r-hFdbngNMc5Fv80s4ZVLyrq2fHnVjETmrftFMqmD&amp;__tn__=-UK-R&amp;c[0]=AT3G1lqkCKcknSRzMK_5ge4VmE4xytDkHLwf7scQNjFjCZ-QF3EYUhTXGzehIJbPj1pHaimbo3jv_M0FCZid-UbRh5d_LP53GY3Qk8pdy6YohQKYyHW81dSDYVj1JZpeham3dx0O5dtIXOXUvuvogLwLUaikP0h1GhA3Xdoa2ubNfhNoOOvv1j_p4viaQEAsdvRd0Sciiw"><span style="text-decoration: underline;">https://dribbble.com/tags/blade-template-in-laravel</span></a>&nbsp;</p><p><a href="https://magecomp.com/blog/laravel-working-with-blade-template-engine/?fbclid=IwZXh0bgNhZW0CMTAAAR00YsUNNC0TN5ByChloxJ3Y6K0nmpHRuxumNYyTXx-V0Xex-Tm1N5UjMBE_aem_1zTBrBDVourrD_hsAfXgPQ"><span style="text-decoration: underline;">https://magecomp.com/.../laravel-working-with-blade.../</span></a></p><p><a href="https://medium.com/@sujalpatel022/blade-template-using-in-laravel-layout-148665906b77?fbclid=IwZXh0bgNhZW0CMTAAAR1amvVlG1RxnIgcg-yQE-zZbRPw9Zzfa7iPICH71A1pwmUWXwgfHLG7YNg_aem_wZZH2VoZbkU3FFqYsMF21A"><span style="text-decoration: underline;">https://medium.com/.../blade-template-using-in-laravel...</span></a></p><p><a href="https://www.inmotionhosting.com/support/edu/laravel/laravel-blade-basics/?fbclid=IwZXh0bgNhZW0CMTAAAR3LHaNIiMr-AN7UgaFHJgFXStQd7xCddsKdly4Y_rGfFUufnpyWmL26IFQ_aem_SWyMrMehOL-LvTZsm4SxhA"><span style="text-decoration: underline;">https://www.inmotionhosting.com/.../laravel-blade-basics/</span></a></p>', '2024-08-12 12:47:30', 1, NULL, '2024-08-12 12:47:55', '2024-08-12 12:49:09'),
	(10, 1, 'posts/thumbnails/01J53ABH5KPBYH7G91SD7YAS4H.png', '01-Starter Kits: Breeze', 'starter-kits-breeze', '<ol><li><a href="https://laravel.com/docs/10.x/authentication?fbclid=IwZXh0bgNhZW0CMTAAAR2AEZJNH9H7znw8RrL6JVEBjmTYlyFVR9KhGlRDUce3Y4eRkxJLK_hCTMY_aem_yYhpGhyT0wWO_v2YB4Z9XQ"><span style="text-decoration: underline;">https://laravel.com/docs/10.x/authentication</span></a></li><li>Laravel Breeze Official Documentation =&gt;<br><a href="https://laravel.com/docs/10.x/starter-kits?fbclid=IwZXh0bgNhZW0CMTAAAR00ZIPeKSjqTQWBo27mNz3W8ESRzFPTMkQVQnpB6oNPv5dFA77y030yTco_aem_YfHXCkt6EI06epnTkThoTQ#laravel-breeze"><span style="text-decoration: underline;">https://laravel.com/docs/10.x/starter-kits#laravel-breeze</span></a></li><li>Laravel UI: Official Github Page =&gt;<br><a href="https://github.com/laravel/ui?fbclid=IwZXh0bgNhZW0CMTAAAR37NvyF0PV--HrEHsTgMVFEW3qGQiYE4seu80Sv-RkPTG-Y52zG9G9I4y8_aem_4CyBTo2x12ZyC0xKeCc9lQ"><span style="text-decoration: underline;">https://github.com/laravel/ui</span></a></li><li>Laravel 8 Auth: 5 "Latest" Things You Need to Know<br><a href="https://l.facebook.com/l.php?u=https%3A%2F%2Fwww.youtube.com%2Fwatch%3Fv%3DL1FVdHdEm_8%26fbclid%3DIwZXh0bgNhZW0CMTAAAR33CVPahSTYbc9PPZFoiU7HfxjucWdiyzvhW3CvY62aiucOpPSlWUGJEXE_aem_C33QmHNuyMVA-ot2s2gD3Q&amp;h=AT00C441B1-C5u5h-VRrrlnvs5uKMvc0K0BlYL4ffjvlbiQEq2yptCAZ3VhrA5lic6RaahxY69FIUZcEAy9LeC62DwiVDkSJr9IxOiAZW7PoM2ugU-xjVCxQbSuyMXFhspw7&amp;__tn__=-UK-R&amp;c[0]=AT0_RNhL-dnjRFe3GRRHNqmX-Mko20pAID99IFGlrLh86VgxCj3pufVXea3UhnrdnoXpI7_Qkwo2mlFgcU4P15D-_CquB3kH3WnC0aGQnzCOTiDI65IhNVFthQ6uYlU4w9cF15267gY9z2hMKTLOvOJM33nCKwAr4uvZdNlFg1FFhz7uO0H-8Gjgx8aijJMzILYWkdyoxg"><span style="text-decoration: underline;">https://www.youtube.com/watch?v=L1FVdHdEm_8</span></a></li><li>Laravel Breeze: Login with Email, Name or Phone<br><a href="https://l.facebook.com/l.php?u=https%3A%2F%2Fwww.youtube.com%2Fwatch%3Fv%3DjFGsLqqBMQc%26fbclid%3DIwZXh0bgNhZW0CMTAAAR0Un-zF8ge446pzLRQGCCB-gNDcexQFJ6a_Qa1TmR6KqrD6OlHNRusU1NQ_aem_TluswDtZI_TP5jRaCIcMdQ&amp;h=AT2YDzc-xLMRoZUOpQnu3iz0KLampsmkIKTNrY6zRC0y6dOcAXi8nu5qXM1icswtfrHk8K5_idzrVYFtApN-bA2z4bk9v6ye2WzJEpsk9nCUO2wtQDFIaBlZGMyjFA_yD5zc&amp;__tn__=-UK-R&amp;c[0]=AT0_RNhL-dnjRFe3GRRHNqmX-Mko20pAID99IFGlrLh86VgxCj3pufVXea3UhnrdnoXpI7_Qkwo2mlFgcU4P15D-_CquB3kH3WnC0aGQnzCOTiDI65IhNVFthQ6uYlU4w9cF15267gY9z2hMKTLOvOJM33nCKwAr4uvZdNlFg1FFhz7uO0H-8Gjgx8aijJMzILYWkdyoxg"><span style="text-decoration: underline;">https://www.youtube.com/watch?v=jFGsLqqBMQc</span></a></li><li>Laravel Users: Set Locations/Teams with Breeze<br><a href="https://l.facebook.com/l.php?u=https%3A%2F%2Fwww.youtube.com%2Fwatch%3Fv%3D5T83czFrfEU%26fbclid%3DIwZXh0bgNhZW0CMTAAAR2w_01_aipssu3Zmdjf8khDsBBDaf2rVioT6okmgvNsNP6_QHE8_E4je7M_aem_v2oxc70KvEeCLN7Ub3-Sdw&amp;h=AT0T8BHZLbBy33yJFegMe6iigaHz-_8Ojz6px2ld6u6M0Ojca_2lVCPWHHGDJWqY4s75006rFYQItiXb--Et7GQnZRPiqHiniTjPf0EWKjOoS4GMuvQfXEVq7ot7SloKqb1K&amp;__tn__=-UK-R&amp;c[0]=AT0_RNhL-dnjRFe3GRRHNqmX-Mko20pAID99IFGlrLh86VgxCj3pufVXea3UhnrdnoXpI7_Qkwo2mlFgcU4P15D-_CquB3kH3WnC0aGQnzCOTiDI65IhNVFthQ6uYlU4w9cF15267gY9z2hMKTLOvOJM33nCKwAr4uvZdNlFg1FFhz7uO0H-8Gjgx8aijJMzILYWkdyoxg"><span style="text-decoration: underline;">https://www.youtube.com/watch?v=5T83czFrfEU</span></a></li><li>Practical Laravel Breeze: Menu, Routes and Full MVC<br><a href="https://l.facebook.com/l.php?u=https%3A%2F%2Fwww.youtube.com%2Fwatch%3Fv%3Dr61lkTd4m1U%26fbclid%3DIwZXh0bgNhZW0CMTAAAR3HjsivIEZllZ5iSmqJJBk_ATgl9CHkwfZ6aMCbhXuktXlwkQ7trD554aU_aem_NkGYy7ed0Spi8NxpKg4ROQ&amp;h=AT0zmxQsPZJ3SuzgXtTL2S1HMAbdjnyoac-dRS0yh7qkY3j7Yft_Lt3Otp_hQn2N5iUShYSfYLUtli2yafgrV2NYuhby9CI1Ysi7P-AKogiz6KbsAhdX5cRsggSeOy-KdmL8&amp;__tn__=-UK-R&amp;c[0]=AT0_RNhL-dnjRFe3GRRHNqmX-Mko20pAID99IFGlrLh86VgxCj3pufVXea3UhnrdnoXpI7_Qkwo2mlFgcU4P15D-_CquB3kH3WnC0aGQnzCOTiDI65IhNVFthQ6uYlU4w9cF15267gY9z2hMKTLOvOJM33nCKwAr4uvZdNlFg1FFhz7uO0H-8Gjgx8aijJMzILYWkdyoxg"><span style="text-decoration: underline;">https://www.youtube.com/watch?v=r61lkTd4m1U</span></a></li><li>Customize Laravel Breeze: Menus, Forms, Components, Tables <br><a href="https://l.facebook.com/l.php?u=https%3A%2F%2Fwww.youtube.com%2Fwatch%3Fv%3DXVxyY_owL_M%26fbclid%3DIwZXh0bgNhZW0CMTAAAR1ztyDSbv2LENdAAMKydCKBU_lKr8HzDSjbbtjngvbXq0ykoh4QWTWPves_aem_PplaQ1aa9OMjuD3K-yeRCg&amp;h=AT24eLT1f_5LpTN5AtWnTzDQxqcdus8YtXH4MAGNnuE9DvlddKc67d5BqZgaS1C9-f-rJ8l7r1JMqy1UNkX8Ym5BwtYQVlmShMNDwCevvlM-Yw0mex8GPta_N8_pjTOp_39e&amp;__tn__=-UK-R&amp;c[0]=AT0_RNhL-dnjRFe3GRRHNqmX-Mko20pAID99IFGlrLh86VgxCj3pufVXea3UhnrdnoXpI7_Qkwo2mlFgcU4P15D-_CquB3kH3WnC0aGQnzCOTiDI65IhNVFthQ6uYlU4w9cF15267gY9z2hMKTLOvOJM33nCKwAr4uvZdNlFg1FFhz7uO0H-8Gjgx8aijJMzILYWkdyoxg"><span style="text-decoration: underline;">https://www.youtube.com/watch?v=XVxyY_owL_M</span></a></li><li>Save User Login Time/IP: Laravel Jetstream, Breeze, Fortify, UI<br><a href="https://l.facebook.com/l.php?u=https%3A%2F%2Fwww.youtube.com%2Fwatch%3Fv%3Dv4IRYiylQPs%26fbclid%3DIwZXh0bgNhZW0CMTAAAR203q19wTn2aUtRmXMM3KQXfxoh2aV9XwG5DeLghgH8jnF9r1yvkF5QxdM_aem_8ARK8YM3votlBhyzApJBVA&amp;h=AT1fuPotRin7isdPECMt86Yut5SL3tEwS1LMt7W_9f3rHGWBHxUKxwnTQLUga0eqDGl25i7IsUjEN_c-2th6ZG2ec1zfIR8yvfPnA1_1elRxKNeo6saP2eWDvoq_pUejHk4d&amp;__tn__=-UK-R&amp;c[0]=AT0_RNhL-dnjRFe3GRRHNqmX-Mko20pAID99IFGlrLh86VgxCj3pufVXea3UhnrdnoXpI7_Qkwo2mlFgcU4P15D-_CquB3kH3WnC0aGQnzCOTiDI65IhNVFthQ6uYlU4w9cF15267gY9z2hMKTLOvOJM33nCKwAr4uvZdNlFg1FFhz7uO0H-8Gjgx8aijJMzILYWkdyoxg"><span style="text-decoration: underline;">https://www.youtube.com/watch?v=v4IRYiylQPs</span></a></li><li>NEW Laravel Breeze: Anti-Jetstream from Taylor Himself&nbsp; <a href="https://l.facebook.com/l.php?u=https%3A%2F%2Fwww.youtube.com%2Fwatch%3Fv%3DdofUcI1PkUA%26fbclid%3DIwZXh0bgNhZW0CMTAAAR33GLUZm6U7NbEwvqh6i_eqQyRRRBSnrwz-iSB1QAeJGhk2toUJ_fWT-nQ_aem_XeN7kyfn1jqnioJ8X9vuDQ&amp;h=AT3GgA2Hf70BGwYflDXGc_xdz46esHLcycGRl46vU3sbW7lZeqGD4GNganOw64p9f2-4b_QRmVjFHx6EKILdmqYzgV5sKvsyfRMpJZe2wiIkOAcOSydVxxl-8b9MFQW9-cnm&amp;__tn__=-UK-R&amp;c[0]=AT0_RNhL-dnjRFe3GRRHNqmX-Mko20pAID99IFGlrLh86VgxCj3pufVXea3UhnrdnoXpI7_Qkwo2mlFgcU4P15D-_CquB3kH3WnC0aGQnzCOTiDI65IhNVFthQ6uYlU4w9cF15267gY9z2hMKTLOvOJM33nCKwAr4uvZdNlFg1FFhz7uO0H-8Gjgx8aijJMzILYWkdyoxg"><span style="text-decoration: underline;">https://www.youtube.com/watch?v=dofUcI1PkUA</span></a></li></ol><p><br></p>', '2024-08-12 12:52:10', 0, NULL, '2024-08-12 12:52:34', '2024-08-12 12:52:34'),
	(11, 1, 'posts/thumbnails/01J53AHY036B8XGKWK3QDPV3MG.png', '02-Auth Model', 'auth-model', '<p>Default Auth Model and Access its Fields from Anywhere</p><p><a href="https://laravel.com/docs/10.x/authentication?fbclid=IwZXh0bgNhZW0CMTAAAR1ztyDSbv2LENdAAMKydCKBU_lKr8HzDSjbbtjngvbXq0ykoh4QWTWPves_aem_PplaQ1aa9OMjuD3K-yeRCg#retrieving-the-authenticated-user"><span style="text-decoration: underline;">https://laravel.com/docs/10.x/authentication...</span></a></p>', '2024-08-12 12:55:36', 0, NULL, '2024-08-12 12:56:04', '2024-08-12 12:56:04'),
	(12, 1, 'posts/thumbnails/01J53AMP06DFF21DQN8Z6NJ59P.png', '03 : Check Auth', 'check-auth', '<ol><li>&nbsp;in Controller / Blade Determining If The Current User Is Authenticated =&gt; <a href="https://laravel.com/docs/10.x/authentication?fbclid=IwZXh0bgNhZW0CMTAAAR2l62qjTWAuakUhKbNPFOozrJhvgEUfyZMR0j4AQDXOQmEAggvuDhepyQo_aem_ZQDAHV4WXzG4_rrL6Yknww#determining-if-the-current-user-is-authenticated"><span style="text-decoration: underline;">https://laravel.com/docs/10.x/authentication...</span></a></li><li>Blade: Authentication Directives =&gt; <a href="https://laravel.com/docs/10.x/blade?fbclid=IwZXh0bgNhZW0CMTAAAR1taFOU0OYt43uHjOVAgIhAFLMdd1iJsWwBEL_ty-935ss0H8Czyr5mBrU_aem_0cKDuN4MHiu4qPppmPhbrg#authentication-directives"><span style="text-decoration: underline;">https://laravel.com/docs/10.x/blade...</span></a></li></ol><p><br></p>', '2024-08-12 12:58:11', 0, NULL, '2024-08-12 12:57:34', '2024-08-12 12:58:21'),
	(13, 1, 'posts/thumbnails/01J53B0HGF9C4DNSCHNERSPRV4.jpeg', '04 :Auth Middleware', 'auth-middleware', '<p><a href="https://laravel.com/docs/10.x/authentication?fbclid=IwZXh0bgNhZW0CMTAAAR2H4UvXl_PDBHW06SK1aITq6HMIIuIdtBmIocLgUTcV40fSpbiBxIqDJik_aem_-RKE7myY7moDzx3WJjCz1A#protecting-routes"><span style="text-decoration: underline;">https://laravel.com/docs/10.x/authentication...</span></a></p><h3>test&nbsp;<a href="https://www.youtube.com/watch?v=v_3NmwtN_S0&amp;fbclid=IwZXh0bgNhZW0CMTAAAR2OWotumDU4FQgOXiju1BeQWp2_dceVYb7_y52CSS4zWSYAcbPZfhICx48_aem_YagYbJEVXzfooQlXWoGVYw"><span style="text-decoration: underline;">https://www.youtube.com/watch?v=v_3NmwtN_S0</span></a></h3><h3>TIP&nbsp;<a href="https://www.youtube.com/watch?v=-dpp4CJS6Vk&amp;fbclid=IwZXh0bgNhZW0CMTAAAR0tH4qN3V3IRIGyKJcLItAMofKQdkec_oKKMyURQDEdelkCMcwdbkDSvWw_aem_qwkC4o6LQrhsTFTh4uectw"><span style="text-decoration: underline;">https://www.youtube.com/watch?v=-dpp4CJS6Vk</span></a></h3><h2>Other sources</h2><p>1-Authorization Basics | Laravel 10 Tutorial</p><p><a href="https://www.youtube.com/watch?v=6jEN2v1eSNI&amp;list=PLqDySLfPKRn5d7WbN9R0yJA9IRgx-XBlU&amp;index=23&amp;fbclid=IwZXh0bgNhZW0CMTAAAR0gLbSuVD4eRc2ZmyCcyBJVtq796XJD4CrkWhaaNn-CbXrpHVSPepTvkAA_aem_cXK4LwkpPtN5gqLrj1-F8A"><span style="text-decoration: underline;">https://www.youtube.com/watch?v=6jEN2v1eSNI...</span></a></p><p><a href="https://www.youtube.com/watch?v=0uEWSnqfXqQ&amp;list=PLqDySLfPKRn5d7WbN9R0yJA9IRgx-XBlU&amp;index=24&amp;fbclid=IwZXh0bgNhZW0CMTAAAR3U7wKDzKzIKeuy1BTUnOjtYI8xOBFoNOjQK3PVQngvDFmgmkZhT539Jws_aem_YivAPPN_V68J6s7mQX0RHw"><span style="text-decoration: underline;">https://www.youtube.com/watch?v=0uEWSnqfXqQ...</span></a></p><p>2-Authentication in laravel 10 - laravel/ui</p><p><a href="https://www.youtube.com/watch?v=ipPjJkVeUpQ&amp;list=PLRs2MMnebARm2n3ZGP52a8sHW6tZz25cp&amp;fbclid=IwZXh0bgNhZW0CMTAAAR33CVPahSTYbc9PPZFoiU7HfxjucWdiyzvhW3CvY62aiucOpPSlWUGJEXE_aem_C33QmHNuyMVA-ot2s2gD3Q"><span style="text-decoration: underline;">https://www.youtube.com/watch?v=ipPjJkVeUpQ...</span></a></p><p><a href="https://www.youtube.com/watch?v=ihnC0_0uPcg&amp;list=PLRs2MMnebARm2n3ZGP52a8sHW6tZz25cp&amp;index=2&amp;fbclid=IwZXh0bgNhZW0CMTAAAR22gF2h5sUxjtAnizmRWkHUqPx72smA1hCvZb9S0lCTSYc4O04LWWII3y8_aem_rEXKl9kkkoCShsPvmAOUCA"><span style="text-decoration: underline;">https://www.youtube.com/watch?v=ihnC0_0uPcg...</span></a></p><p>3-How to Make Login and Registration in Laravel for Beginners | Authentication with Laravel Breeze</p><p><a href="https://www.youtube.com/watch?v=f1hCx-NXbek&amp;fbclid=IwZXh0bgNhZW0CMTAAAR0gLbSuVD4eRc2ZmyCcyBJVtq796XJD4CrkWhaaNn-CbXrpHVSPepTvkAA_aem_cXK4LwkpPtN5gqLrj1-F8A"><span style="text-decoration: underline;">https://www.youtube.com/watch?v=f1hCx-NXbek</span></a></p><p>4-Laravel 9 Custom Auth Login and Registration</p><p><a href="https://www.youtube.com/watch?v=fg4yaJR8qek&amp;fbclid=IwZXh0bgNhZW0CMTAAAR37NvyF0PV--HrEHsTgMVFEW3qGQiYE4seu80Sv-RkPTG-Y52zG9G9I4y8_aem_4CyBTo2x12ZyC0xKeCc9lQ"><span style="text-decoration: underline;">https://www.youtube.com/watch?v=fg4yaJR8qek</span></a></p><p>5-Authentication in laravel&nbsp;</p><p><a href="https://l.facebook.com/l.php?u=https%3A%2F%2Fwww.youtube.com%2Fwatch%3Fv%3Dr_vSCoeN1L8%26list%3DPLcjapmjyX17hJZ-shzRMxTus0aMw0EVVB%26index%3D6%26fbclid%3DIwZXh0bgNhZW0CMTAAAR2Hl0qaHT44OaYMOBcLyIPFk0iXpNEWQ7EodRznAAopMhPHAI1YyitroEE_aem_Y8tvUGpztpEKlR-CC5Uoig&amp;h=AT1Daon7XN9BhimV5QdhPW2XVkq-oerAtPjYvyVFP_T7kRGcQWl6TRC6NJ2xwDYfJvBokNxbQV4rQfKMmujSEFpP25oj3vEl4_l4OrHv4EV-S6nFEGddArTBFmC_Ng3Htk11&amp;__tn__=-UK-R&amp;c[0]=AT0_RNhL-dnjRFe3GRRHNqmX-Mko20pAID99IFGlrLh86VgxCj3pufVXea3UhnrdnoXpI7_Qkwo2mlFgcU4P15D-_CquB3kH3WnC0aGQnzCOTiDI65IhNVFthQ6uYlU4w9cF15267gY9z2hMKTLOvOJM33nCKwAr4uvZdNlFg1FFhz7uO0H-8Gjgx8aijJMzILYWkdyoxg"><span style="text-decoration: underline;">https://www.youtube.com/watch?v=r_vSCoeN1L8...</span></a></p><p><a href="https://l.facebook.com/l.php?u=https%3A%2F%2Fwww.youtube.com%2Fwatch%3Fv%3DFTgErrE97-8%26list%3DPLcjapmjyX17hJZ-shzRMxTus0aMw0EVVB%26index%3D7%26fbclid%3DIwZXh0bgNhZW0CMTAAAR1-dZgX-FJdx3x8exgguJs1d0nRf95lCzCPdZVrNUWz3oWu8lk8jJL6Hps_aem_MOBmUEg2-tg2Aa3AC_GjvA&amp;h=AT3GEq57AmxYp0GcSPMtpRw9BvS7Ms1yywoSpN9V124wbV_xfInEuE2ZA2DejzEXKaC1zlVumpJO30sEJmu9U094VAPtyGxly85sN4W5VxS8s7rBDwYpUZSrb2Mvhj5raKUX&amp;__tn__=-UK-R&amp;c[0]=AT0_RNhL-dnjRFe3GRRHNqmX-Mko20pAID99IFGlrLh86VgxCj3pufVXea3UhnrdnoXpI7_Qkwo2mlFgcU4P15D-_CquB3kH3WnC0aGQnzCOTiDI65IhNVFthQ6uYlU4w9cF15267gY9z2hMKTLOvOJM33nCKwAr4uvZdNlFg1FFhz7uO0H-8Gjgx8aijJMzILYWkdyoxg"><span style="text-decoration: underline;">https://www.youtube.com/watch?v=FTgErrE97-8...</span></a></p><p><a href="https://l.facebook.com/l.php?u=https%3A%2F%2Fwww.youtube.com%2Fwatch%3Fv%3Dv7TgKS8BobI%26list%3DPLcjapmjyX17hJZ-shzRMxTus0aMw0EVVB%26index%3D8%26fbclid%3DIwZXh0bgNhZW0CMTAAAR3iuyCvVBksLNL8T-mNzDOfXtrOBh3t_VvmvyK8712gly4n5QH44C_RqYE_aem_io7N4vvkpHLasWl4tNPaqg&amp;h=AT2rMDb800TyrW7qHvP7KWi4NBrWbQhS5aNXWnJdhGB9P-8iCCNQMZwwOfP3R3y-GQPdbk2TkuzJa8ltGWL9ZhMPP2lM5yw5fl5Wq8BfE5KJ7Th9V0G53uaDbSpLvX58UMb6&amp;__tn__=-UK-R&amp;c[0]=AT0_RNhL-dnjRFe3GRRHNqmX-Mko20pAID99IFGlrLh86VgxCj3pufVXea3UhnrdnoXpI7_Qkwo2mlFgcU4P15D-_CquB3kH3WnC0aGQnzCOTiDI65IhNVFthQ6uYlU4w9cF15267gY9z2hMKTLOvOJM33nCKwAr4uvZdNlFg1FFhz7uO0H-8Gjgx8aijJMzILYWkdyoxg"><span style="text-decoration: underline;">https://www.youtube.com/watch?v=v7TgKS8BobI...</span></a></p><p>6-laravel 9 Authentication على قناة Mora Soft</p><p><a href="https://www.youtube.com/watch?v=HEROL3mJXrA&amp;list=PLftLUHfDSiZ4GfPZxaFDsA7ejUzD7SpWa&amp;index=54&amp;fbclid=IwZXh0bgNhZW0CMTAAAR3tlbVQZALuwQdG4T7qWACjEzfKWpUhsp6DQGPNy07vFL8GpP3F4cbq1Kc_aem_WabMhIHNZErGZkluDqpcIw"><span style="text-decoration: underline;">https://www.youtube.com/watch?v=HEROL3mJXrA...</span></a></p><p><a href="https://www.youtube.com/watch?v=8Hla9ZYC36g&amp;list=PLftLUHfDSiZ4GfPZxaFDsA7ejUzD7SpWa&amp;index=55&amp;fbclid=IwZXh0bgNhZW0CMTAAAR33y6CIHgYPkn1PXo_XrnePGzF5HN7ipiZKuOkCyNH0rtNCdIG4ctH2bTA_aem_pFB-3SHMw9nkPZJp53UIAQ"><span style="text-decoration: underline;">https://www.youtube.com/watch?v=8Hla9ZYC36g...</span></a></p><p><a href="https://youtu.be/iN6G5WfaBJw?list=PLftLUHfDSiZ4GfPZxaFDsA7ejUzD7SpWa&amp;fbclid=IwZXh0bgNhZW0CMTAAAR203q19wTn2aUtRmXMM3KQXfxoh2aV9XwG5DeLghgH8jnF9r1yvkF5QxdM_aem_8ARK8YM3votlBhyzApJBVA"><span style="text-decoration: underline;">https://youtu.be/iN6G5WfaBJw...</span></a></p><h2>Articles</h2><p><a href="https://l.facebook.com/l.php?u=https%3A%2F%2Fmedium.com%2Foceanize-geeks%2Flaravel-middleware-basic-auth-implementation-88b777361b5c%3Ffbclid%3DIwZXh0bgNhZW0CMTAAAR203q19wTn2aUtRmXMM3KQXfxoh2aV9XwG5DeLghgH8jnF9r1yvkF5QxdM_aem_8ARK8YM3votlBhyzApJBVA&amp;h=AT1ezs4RvlVB8aC3QV7_fORUwj3ZT8oVspvNp22WSjFoPczHpCx02JVEaK9UVqsJPSsmtJAiqpSYKUYP0ZF0vj606Jbbf0izGIWg68E0hnqEBuijrjX7ls0sDOvXaB1r8pEU&amp;__tn__=-UK-R&amp;c[0]=AT0_RNhL-dnjRFe3GRRHNqmX-Mko20pAID99IFGlrLh86VgxCj3pufVXea3UhnrdnoXpI7_Qkwo2mlFgcU4P15D-_CquB3kH3WnC0aGQnzCOTiDI65IhNVFthQ6uYlU4w9cF15267gY9z2hMKTLOvOJM33nCKwAr4uvZdNlFg1FFhz7uO0H-8Gjgx8aijJMzILYWkdyoxg"><span style="text-decoration: underline;">https://medium.com/.../laravel-middleware-basic-auth...</span></a></p><p><a href="https://www.freecodecamp.org/news/basic-authentication-in-laravel8-using-laravel-breeze/?fbclid=IwZXh0bgNhZW0CMTAAAR0gLbSuVD4eRc2ZmyCcyBJVtq796XJD4CrkWhaaNn-CbXrpHVSPepTvkAA_aem_cXK4LwkpPtN5gqLrj1-F8A"><span style="text-decoration: underline;">https://www.freecodecamp.org/.../basic-authentication-in.../</span></a></p><p><a href="https://developer.auth0.com/resources/code-samples/web-app/laravel/basic-authentication?fbclid=IwZXh0bgNhZW0CMTAAAR3eDoWl7mTDWNS_W3NssM-9eBfTuz6c-tHkiJlbJvNMzvgx93Iy3CKGUuk_aem_1nVdkjv1GoxyGiJ7Uncx5Q"><span style="text-decoration: underline;">https://developer.auth0.com/.../laravel/basic-authentication</span></a></p><p><a href="https://www.educative.io/answers/what-is-basic-authentication-in-laravel-8-using-laravel-breeze?fbclid=IwZXh0bgNhZW0CMTAAAR1qcc7vNtaowBKcwPQOP5uEW70_3gjiIR6i0mk91jVxFbjYIFN6Pgc_B1s_aem_kWrr8ArhR9D2HZQqkCi7Tw"><span style="text-decoration: underline;">https://www.educative.io/.../what-is-basic-authentication...</span></a></p><p><a href="https://laravelarticle.com/laravel-8-authentication-tutorial?fbclid=IwZXh0bgNhZW0CMTAAAR34PABAD4UfD3Jc7f61WRtgn0-neD7WzUnq8ryXq-QLip-DkPQwPPCsa2o_aem_AK7jbbqqEb7vVQeyTijwng"><span style="text-decoration: underline;">https://laravelarticle.com/laravel-8-authentication-tutorial</span></a></p><p><a href="https://www.appsloveworld.com/laravel/100/33/laravel-basic-auth?expand_article=1&amp;fbclid=IwZXh0bgNhZW0CMTAAAR2bWUSaxhDGUYbk2syv72WjMlNEM4Y_Zwp8FzakSJzIVz0EkPms1lU2qV4_aem_NSxWriEPIk44B84Sgwv6qA"><span style="text-decoration: underline;">https://www.appsloveworld.com/.../33/laravel-basic-auth...</span></a></p><p><a href="https://magecomp.com/blog/make-admin-auth-in-laravel-8/?fbclid=IwZXh0bgNhZW0CMTAAAR2l62qjTWAuakUhKbNPFOozrJhvgEUfyZMR0j4AQDXOQmEAggvuDhepyQo_aem_ZQDAHV4WXzG4_rrL6Yknww"><span style="text-decoration: underline;">https://magecomp.com/blog/make-admin-auth-in-laravel-8/</span></a></p>', '2024-08-12 13:03:35', 1, NULL, '2024-08-12 13:04:03', '2024-08-12 13:04:37'),
	(14, 1, 'posts/thumbnails/01J53C1B3PV05G5AD14481N252.png', '01 : Database Migrations', 'database-migrations', '<ol><li>Database Basics<br><a href="https://laravel.com/docs/10.x/database">https://laravel.com/docs/10.x/database</a></li><li>Database Migrations<br><a href="https://laravel.com/docs/10.x/migrations">https://laravel.com/docs/10.x/migrations</a></li><li>Table Created but Foreign Key Failed? <br><a href="https://www.youtube.com/watch?v=DWzUBpsEEHY">https://www.youtube.com/watch?v=DWzUBpsEEHY</a></li><li>&nbsp;Change Foreign Key to Nullable <br><a href="https://www.youtube.com/watch?v=QL0gKwGjJ-4">https://www.youtube.com/watch?v=QL0gKwGjJ-4</a></li><li>&nbsp;Generate from Database Schema<br><a href="https://www.youtube.com/watch?v=eLybI4WPuWc">https://www.youtube.com/watch?v=eLybI4WPuWc</a></li><li>Laravel Migrations: 12 Useful Tips in 12 Minutes<br>https://www.youtube.com/watch?v=bSQcmcu6yHc</li></ol><h3>Test: https://www.youtube.com/watch?v=tPU1hNKI_lc</h3><p><br></p>', '2024-08-12 13:20:42', 0, NULL, '2024-08-12 13:21:57', '2024-08-12 13:21:57'),
	(15, 1, 'posts/thumbnails/01J53C8BF70R7VBYQ8J6CKPE6N.jpg', '02 : Basic Eloquent Model and MVC', 'basic-eloquent-model-and-mvc', '<p>https://laravel.com/docs/10.x/eloquent</p><h3>Test: https://www.youtube.com/watch?v=AmvLs9sRSH8</h3>', '2024-08-12 13:25:24', 0, NULL, '2024-08-12 13:25:47', '2024-08-12 13:25:47'),
	(16, 1, 'posts/thumbnails/01J53CCGTB8X5J3WWZGZTJ89R5.png', '03 : Eloquent Relationships', 'eloquent-relationships', '<ol><li>&nbsp;One-to-One =&gt; <a href="https://lnkd.in/d4BYpKxX?trk=public_post-text"><strong>https://laravel.com/docs/10.x/eloquent-relationships#one-to-one</strong></a></li><li>One-to-Many =&gt;<br><a href="https://lnkd.in/dXd3J34W?trk=public_post-text"><strong>https://laravel.com/docs/10.x/eloquent-relationships#one-to-many</strong></a></li><li>BelongsTo =&gt;<a href="https://lnkd.in/dStuuj9y?trk=public_post-text"><strong>https://laravel.com/docs/10.x/eloquent-relationships#one-to-many-inverse</strong></a></li><li>&nbsp;Many-to-Many =&gt;<a href="https://lnkd.in/dbkAEvZj?trk=public_post-text"><strong>https://laravel.com/docs/10.x/eloquent-relationships#many-to-many</strong></a></li><li>How to Safely Change DB Relations in Live Laravel Project?<a href="https://lnkd.in/ddGbbkP7?trk=public_post-text"><strong>https://www.youtube.com/watch?v=nRmoywPJRdM</strong></a></li></ol><h3>Test: https://www.youtube.com/watch?v=ohj0Mc09DyE</h3><p><br></p>', '2024-08-12 13:27:59', 0, NULL, '2024-08-12 13:28:04', '2024-08-12 13:28:04'),
	(17, 1, 'posts/thumbnails/01J53CX6M2ZDTSRPR89ANAQKPD.png', '04 : Eager Loading and N+1 Problem', 'eager-loading-and-n1-problem', '<ol><li>Eager Loading and N+1 Problem<br><a href="https://laravel.com/docs/10.x/eloquent-relationships#eager-loading"><span style="text-decoration: underline;">https://laravel.com/docs/10.x/eloquent-relationships#eager-loading</span></a></li><li>N+1 Query Detector<br><a href="https://www.youtube.com/watch?v=MbN7BIcUnPA"><span style="text-decoration: underline;">https://www.youtube.com/watch?v=MbN7BIcUnPA</span></a></li></ol><h3>https://github.com/beyondcode/laravel-query-detector</h3><h3>https://github.com/barryvdh/laravel-debugbar</h3><h2>Other sources</h2><p>1-Laravel Database</p><ul><li><a href="https://www.youtube.com/watch?v=4dId4tpEYII&amp;list=PLFHz2csJcgk_mM2jEf7t8P678O_jz83on&amp;index=16">https://www.youtube.com/watch?v=4dId4tpEYII&amp;list=PLFHz2csJcgk_mM2jEf7t8P678O_jz83on&amp;index=16</a></li><li><a href="https://www.youtube.com/watch?v=wX-MsYST3kI&amp;list=PLFHz2csJcgk_mM2jEf7t8P678O_jz83on&amp;index=17">https://www.youtube.com/watch?v=wX-MsYST3kI&amp;list=PLFHz2csJcgk_mM2jEf7t8P678O_jz83on&amp;index=17</a></li><li><a href="https://www.youtube.com/watch?v=UN42ad3KXqQ&amp;list=PLFHz2csJcgk_mM2jEf7t8P678O_jz83on&amp;index=19">https://www.youtube.com/watch?v=UN42ad3KXqQ&amp;list=PLFHz2csJcgk_mM2jEf7t8P678O_jz83on&amp;index=19</a></li><li><a href="https://www.youtube.com/watch?v=Opy6yBDTkhM&amp;list=PLFHz2csJcgk_mM2jEf7t8P678O_jz83on&amp;index=19">https://www.youtube.com/watch?v=Opy6yBDTkhM&amp;list=PLFHz2csJcgk_mM2jEf7t8P678O_jz83on&amp;index=19</a></li><li><a href="https://www.youtube.com/watch?v=tL9oy3EAYDk&amp;list=PLFHz2csJcgk_mM2jEf7t8P678O_jz83on&amp;index=20">https://www.youtube.com/watch?v=tL9oy3EAYDk&amp;list=PLFHz2csJcgk_mM2jEf7t8P678O_jz83on&amp;index=20</a></li></ul><p>2-Database Migrations</p><ul><li><a href="https://www.youtube.com/watch?v=neSHAWdE44c">https://www.youtube.com/watch?v=neSHAWdE44c</a></li></ul><p>3-Connecting to MySQL</p><ul><li><a href="https://www.youtube.com/watch?v=qCMgxDfRKCo&amp;list=PL4cUxeGkcC9hL6aCFKyagrT1RCfVN4w2Q&amp;index=13">https://www.youtube.com/watch?v=qCMgxDfRKCo&amp;list=PL4cUxeGkcC9hL6aCFKyagrT1RCfVN4w2Q&amp;index=13</a></li><li><a href="https://www.youtube.com/watch?v=074AQVmvvdg&amp;list=PL4cUxeGkcC9hL6aCFKyagrT1RCfVN4w2Q&amp;index=14">https://www.youtube.com/watch?v=074AQVmvvdg&amp;list=PL4cUxeGkcC9hL6aCFKyagrT1RCfVN4w2Q&amp;index=14</a></li><li><a href="https://www.youtube.com/watch?v=1Zyr-xi4bPk&amp;list=PL4cUxeGkcC9hL6aCFKyagrT1RCfVN4w2Q&amp;index=15">https://www.youtube.com/watch?v=1Zyr-xi4bPk&amp;list=PL4cUxeGkcC9hL6aCFKyagrT1RCfVN4w2Q&amp;index=15</a></li><li><a href="https://www.youtube.com/watch?v=iaXtpAYfiy4&amp;list=PL4cUxeGkcC9hL6aCFKyagrT1RCfVN4w2Q&amp;index=16">https://www.youtube.com/watch?v=iaXtpAYfiy4&amp;list=PL4cUxeGkcC9hL6aCFKyagrT1RCfVN4w2Q&amp;index=16</a></li></ul><p>4-Connecting to database&nbsp;</p><ul><li><a href="https://www.youtube.com/watch?v=p1ZCbfUvd-s&amp;list=PLqDySLfPKRn5d7WbN9R0yJA9IRgx-XBlU&amp;index=10">https://www.youtube.com/watch?v=p1ZCbfUvd-s&amp;list=PLqDySLfPKRn5d7WbN9R0yJA9IRgx-XBlU&amp;index=10</a></li></ul><p>5-Introduction to Migrations</p><ul><li><a href="https://www.youtube.com/watch?v=lH2eshXAWmA&amp;list=PLftLUHfDSiZ4GfPZxaFDsA7ejUzD7SpWa&amp;index=17">https://www.youtube.com/watch?v=lH2eshXAWmA&amp;list=PLftLUHfDSiZ4GfPZxaFDsA7ejUzD7SpWa&amp;index=17</a></li><li><a href="https://www.youtube.com/watch?v=hs3PnZvvdCI&amp;list=PLftLUHfDSiZ4GfPZxaFDsA7ejUzD7SpWa&amp;index=18">https://www.youtube.com/watch?v=hs3PnZvvdCI&amp;list=PLftLUHfDSiZ4GfPZxaFDsA7ejUzD7SpWa&amp;index=18</a></li><li><a href="https://www.youtube.com/watch?v=3h9QZKdJyn0&amp;list=PLftLUHfDSiZ4GfPZxaFDsA7ejUzD7SpWa&amp;index=19">https://www.youtube.com/watch?v=3h9QZKdJyn0&amp;list=PLftLUHfDSiZ4GfPZxaFDsA7ejUzD7SpWa&amp;index=19</a></li><li><a href="https://www.youtube.com/watch?v=MtMgMFaOWYA&amp;list=PLftLUHfDSiZ4GfPZxaFDsA7ejUzD7SpWa&amp;index=20">https://www.youtube.com/watch?v=MtMgMFaOWYA&amp;list=PLftLUHfDSiZ4GfPZxaFDsA7ejUzD7SpWa&amp;index=20</a></li><li><a href="https://www.youtube.com/watch?v=Vka6-lOuNS4&amp;list=PLftLUHfDSiZ4GfPZxaFDsA7ejUzD7SpWa&amp;index=21">https://www.youtube.com/watch?v=Vka6-lOuNS4&amp;list=PLftLUHfDSiZ4GfPZxaFDsA7ejUzD7SpWa&amp;index=21</a></li><li><a href="https://www.youtube.com/watch?v=0rAvr4uqQaU&amp;list=PLftLUHfDSiZ4GfPZxaFDsA7ejUzD7SpWa&amp;index=22">https://www.youtube.com/watch?v=0rAvr4uqQaU&amp;list=PLftLUHfDSiZ4GfPZxaFDsA7ejUzD7SpWa&amp;index=22</a></li><li><a href="https://www.youtube.com/watch?v=0M9jl8mvWBg&amp;list=PLftLUHfDSiZ4GfPZxaFDsA7ejUzD7SpWa&amp;index=23">https://www.youtube.com/watch?v=0M9jl8mvWBg&amp;list=PLftLUHfDSiZ4GfPZxaFDsA7ejUzD7SpWa&amp;index=23</a></li></ul><h2>Articles</h2><ol><li><a href="https://planetscale.com/blog/build-a-laravel-application-with-a-mysql-database">https://planetscale.com/blog/build-a-laravel-application-with-a-mysql-database</a></li><li><a href="https://www.tutorialspoint.com/laravel/laravel_working_with_database.htm">https://www.tutorialspoint.com/laravel/laravel_working_with_database.htm</a></li><li><a href="https://www.javatpoint.com/laravel-database">https://www.javatpoint.com/laravel-database</a></li><li><a href="https://kinsta.com/knowledgebase/laravel-database">https://kinsta.com/knowledgebase/laravel-database</a>/</li><li><a href="https://levelup.gitconnected.com/working-with-databases-in-laravel-8-x-de00730f7198?gi=2dbd30df23f7">https://levelup.gitconnected.com/working-with-databases-in-laravel-8-x-de00730f7198?gi=2dbd30df23f7</a></li><li><a href="https://laravel-news.com/writing-to-the-database-with-eloquent">https://laravel-news.com/writing-to-the-database-with-eloquent</a></li><li><a href="https://laravel.io/forum/09-13-2014-create-new-database-and-tables-on-the-fly">https://laravel.io/forum/09-13-2014-create-new-database-and-tables-on-the-fly</a></li><li><a href="https://darkghosthunter.medium.com/laravel-10-tips-for-your-new-database-687753eddb13">https://darkghosthunter.medium.com/laravel-10-tips-for-your-new-database-687753eddb13</a></li></ol><p><br><br></p><p><br><br></p>', '2024-08-12 13:36:47', 1, NULL, '2024-08-12 13:37:10', '2024-08-12 13:40:07'),
	(18, 1, 'posts/thumbnails/01J53D7GCM8TXX8TN6377V5Q1D.webp', '01 :Route Resource and Resourceful Controllers', 'route-resource-and-resourceful-controllers', '<ol><li>Route Resource and Resourceful Controllers<br><a href="https://laravel.com/docs/10.x/controllers?fbclid=IwZXh0bgNhZW0CMTAAAR04cpE7d7bUzh3mcN9_fTQV_RzTLmKcQ--IRgwENnBaEOG54HMXcCY5cP8_aem_4FHyGQVKuNoAsd1PR_eyLg#resource-controllers"><span style="text-decoration: underline;">https://laravel.com/docs/10.x/controllers...</span></a></li><li>Simple Laravel CRUD with Resource Controllers <a href="http://digitalocean.com/?fbclid=IwZXh0bgNhZW0CMTAAAR3f7OSBkA7iTliHt0HQOpTnPgheOoTgJ2RpQAkkkkTCKbfLsOoIzSqVvDQ_aem_1htDtELeari3TaPWTqJMvg"><span style="text-decoration: underline;">digitalocean.com</span></a> <br><a href="https://www.digitalocean.com/community/tutorials/simple-laravel-crud-with-resource-controllers?fbclid=IwZXh0bgNhZW0CMTAAAR0wxkN-thsFYq6NzSZl7B3cAsKDRKbCYzF03s9Tbw3wmvCD2s1lIap_nVw_aem_F5rn7h__D1OlsuqlNEVpyA"><span style="text-decoration: underline;">https://www.digitalocean.com/.../simple-laravel-crud-with...</span></a></li><li>Laravel Nested Resource Controllers: Two-Level Deep <br><a href="https://www.youtube.com/watch?v=9R_9Xe3Fgnw&amp;fbclid=IwZXh0bgNhZW0CMTAAAR1S5FYEfAkp4RUtZgzP1DJV72U_OeCYYVkcAG6U53-cm8NKFJGcV_Dd9f4_aem_mBDhcxiGq5s-zKI-IeGLrQ"><span style="text-decoration: underline;">https://www.youtube.com/watch?v=9R_9Xe3Fgnw</span></a></li><li>Junior Code Review: 5 Routes into Resource CRUD Controller<br><a href="https://www.youtube.com/watch?v=J5WBTUr0QBE&amp;fbclid=IwZXh0bgNhZW0CMTAAAR1o4xDuhbAccaur_gDag9y8eI8dOOt0NJ8ZNS97kfPEMsBB4bLmfcF7aS0_aem_R_QPMiim6n1AVgEZOcGm2w"><span style="text-decoration: underline;">https://www.youtube.com/watch?v=J5WBTUr0QBE</span></a></li><li>Laravel Resource Controllers: Most Common Mistake People Make =&gt;<br><a href="https://www.youtube.com/watch?v=exIfecOZd2E&amp;fbclid=IwZXh0bgNhZW0CMTAAAR1XJ9ec5XfjzydBKs71fEvSQqO52tBroMokmvDUkhzFFXyqxsGJuM2-Qpw_aem_HYwrWGhUMQXuo2Oyfz07wg"><span style="text-decoration: underline;">https://www.youtube.com/watch?v=exIfecOZd2E</span></a></li></ol><p><br></p>', '2024-08-12 13:42:10', 0, NULL, '2024-08-12 13:42:48', '2024-08-12 13:42:48'),
	(19, 1, 'posts/thumbnails/01J53DF50ER38KC39FTXK3AP8Z.webp', '02 :Forms, Validation and Form Requests', 'forms-validation-and-form-requests', '<ol><li><a href="https://laravel.com/docs/10.x/validation?fbclid=IwZXh0bgNhZW0CMTAAAR2-hCYxJS7bEdlHsW025fMqOh0rVJAq46y3Xq2nP0FTqJqkijcLo29soFY_aem_xaJwScEfWkTB9rWpc0VtiA"><span style="text-decoration: underline;">https://laravel.com/docs/10.x/validation</span></a></li><li>New in Laravel 6.13: Format Validation Error Field Name )<br>&nbsp;<a href="https://www.youtube.com/watch?v=KD1SqLO58eE&amp;fbclid=IwZXh0bgNhZW0CMTAAAR08AxN-hpd27EjVLH6pwec03feAVs5rzWyMe4zHgS4rSBK9Rle_yUUH21w_aem_c8huaPrTH8YnuKmLoc9wPQ"><span style="text-decoration: underline;">https://www.youtube.com/watch?v=KD1SqLO58eE</span></a></li><li>Laravel Form Request: Store/Update - Same or Separate Class?<br><a href="https://www.youtube.com/watch?v=YK8GZmuf8_0&amp;fbclid=IwZXh0bgNhZW0CMTAAAR3o29YqBU7Uyf76781WV4-UiSH9_xm-aJbHhL5cQtDpA0w3He_8WCcETo0_aem_xYb0SJYrPPSU5Sn1B5ICFg"><span style="text-decoration: underline;">https://www.youtube.com/watch?v=YK8GZmuf8_0</span></a></li><li>One Reason to ALWAYS use Form Requests for Validation <br><a href="https://www.youtube.com/watch?v=3P2uNeY9Azs&amp;fbclid=IwZXh0bgNhZW0CMTAAAR2cxYAma1VZthdMCfBZteEdXwa3X_716lmcxDvuepTiTFnKDAk9QhLO1N8_aem_mP_QkiH5ATVU9MCY049H7Q"><span style="text-decoration: underline;">https://www.youtube.com/watch?v=3P2uNeY9Azs</span></a></li><li>New in Laravel 8.55: Route WithTrashed and Rule::when Conditional Validation=&gt;<br><a href="https://www.youtube.com/watch?v=kAEMFXLPjS4&amp;fbclid=IwZXh0bgNhZW0CMTAAAR1ZRWJQruqAgagXzMX-mdmD14bTrfVDx6pzA9CwfUPuRCQ5a7Z4EQmecFE_aem__PE58TruU8j5qsVt-vCV5Q"><span style="text-decoration: underline;">https://www.youtube.com/watch?v=kAEMFXLPjS4</span></a></li><li>Laravel Checkout: Database Transactions and Validation=&gt;<br><a href="https://l.facebook.com/l.php?u=https%3A%2F%2Fwww.youtube.com%2Fwatch%3Fv%3DLuxFql2CDyg%26fbclid%3DIwZXh0bgNhZW0CMTAAAR3fHCOckKJHbMqlfP4lzRZQKn0py4lu9yZ_GunrzZBFSPubbDdWzNya3Z0_aem_KQC516ea04onFCvfntli4g&amp;h=AT2YFqA4u1YyJP0Txz-dUiPl2W9ZHkTFLfMxmdUSfAO8KYRlvBMItbFh8frGXqE9ZwUANZrTCzmIMRL89PLYaS49cfStWkkvDmefep2PkdsvJxKA76BL0x23fSbdP8xUwPDc&amp;__tn__=-UK-R&amp;c[0]=AT1Ut_A8ctag2pvMrny_5LtH1NFJN_eEcD0Dlol4Slj09bNxRm8HOTyQWRKWM5IC_ob5300M5M86VPd_ldByju8mqLwBiyCq-6HvGRKyFSklZ8EmIg6JHK6-5JgLnVi5cg2HE8hndfTILOjb7X1OLqzbeZfz2X99Nat-tHvbR6jkmFSXJ0Sp6KkrPnlGJfoDvfXQMslIQT_LzIOEKAbwN1SFfSUDtQ3-UJ-A"><span style="text-decoration: underline;">https://www.youtube.com/watch?v=LuxFql2CDyg</span></a></li><li>New in Laravel 8.52: Unique Validation Without Trashed=&gt;<br><a href="https://www.youtube.com/watch?v=kc8Ks3ElGmM&amp;fbclid=IwZXh0bgNhZW0CMTAAAR16wwGzDNGiNJTPlU1DA9IEOPBxgUIFHxwoqJqcy2MaaNHtpi313cJ1hjQ_aem_WWpmwoRE_0GQmgTDe7VjHw"><span style="text-decoration: underline;">https://www.youtube.com/watch?v=kc8Ks3ElGmM</span></a></li><li>Laravel Custom Validation Messages: Override the Defaults=&gt;<br><a href="https://l.facebook.com/l.php?u=https%3A%2F%2Fwww.youtube.com%2Fwatch%3Fv%3DLUGlkXi52VY%26fbclid%3DIwZXh0bgNhZW0CMTAAAR0qONFYjB64bIivjlh8YtDB217m9VDaM7XIjQiYbNQwZBKfReIkC1lQyMA_aem_N1TlfmyfGbEYrHaD8Cr8mw&amp;h=AT1vb8RpDxFi9KD-PSO-Sy6pFeE3K8enNW1Lvq2_1Mr4rS2ldTfweoRGN4FPRnPBevW5uCmu9W2RentpUvtM6CgY_Pd3jagxmx4EvPWWV5CGJ65Fvqgl5bQUMf-IYo0yU5LK&amp;__tn__=-UK-R&amp;c[0]=AT1Ut_A8ctag2pvMrny_5LtH1NFJN_eEcD0Dlol4Slj09bNxRm8HOTyQWRKWM5IC_ob5300M5M86VPd_ldByju8mqLwBiyCq-6HvGRKyFSklZ8EmIg6JHK6-5JgLnVi5cg2HE8hndfTILOjb7X1OLqzbeZfz2X99Nat-tHvbR6jkmFSXJ0Sp6KkrPnlGJfoDvfXQMslIQT_LzIOEKAbwN1SFfSUDtQ3-UJ-A"><span style="text-decoration: underline;">https://www.youtube.com/watch?v=LUGlkXi52VY</span></a></li><li>How to "Hack" Laravel: 3 Examples of Non-Validated Input=&gt;<br><a href="https://l.facebook.com/l.php?u=https%3A%2F%2Fwww.youtube.com%2Fwatch%3Fv%3DeLTs_MnhzYw%26fbclid%3DIwZXh0bgNhZW0CMTAAAR3Cn7FCI-Zir3S9MuBxd7tpz-bJih-1vY817ppNEd71H6mjx-uBjCwVXq8_aem_C1Zdb7bPSymO_ueCocyXtA&amp;h=AT1HDf4_Tt--8tWllJtX-DgKAL4mMlKjMVqE4k6es7ONzip9dWrZqaaBF-nce0LpdRZ7ctpAIXp6qNYtpM9GIrBaGzi3Uc0JDzLAKZ30pNKuY58rV_OzFjrNnLHgMh8L3JIm&amp;__tn__=-UK-R&amp;c[0]=AT1Ut_A8ctag2pvMrny_5LtH1NFJN_eEcD0Dlol4Slj09bNxRm8HOTyQWRKWM5IC_ob5300M5M86VPd_ldByju8mqLwBiyCq-6HvGRKyFSklZ8EmIg6JHK6-5JgLnVi5cg2HE8hndfTILOjb7X1OLqzbeZfz2X99Nat-tHvbR6jkmFSXJ0Sp6KkrPnlGJfoDvfXQMslIQT_LzIOEKAbwN1SFfSUDtQ3-UJ-A"><span style="text-decoration: underline;">https://www.youtube.com/watch?v=eLTs_MnhzYw</span></a></li><li>New in Laravel 8.39: Password Rules with Checking Data Leaks=&gt;<br><a href="https://l.facebook.com/l.php?u=https%3A%2F%2Fwww.youtube.com%2Fwatch%3Fv%3D5q_P7QUssoc%26fbclid%3DIwZXh0bgNhZW0CMTAAAR1S5FYEfAkp4RUtZgzP1DJV72U_OeCYYVkcAG6U53-cm8NKFJGcV_Dd9f4_aem_mBDhcxiGq5s-zKI-IeGLrQ&amp;h=AT3wXYqcjeJlyIXExzXBv63prRghleqgM_MnM1ONisf6FweT-XaKN4lobn-eVf8vEAzUTWd_b7PS3SdxeGr742M3pHf3Bwldhz-bjDeoDR60YPAwDmhSgslTzZHxLcR-TIrR&amp;__tn__=-UK-R&amp;c[0]=AT1Ut_A8ctag2pvMrny_5LtH1NFJN_eEcD0Dlol4Slj09bNxRm8HOTyQWRKWM5IC_ob5300M5M86VPd_ldByju8mqLwBiyCq-6HvGRKyFSklZ8EmIg6JHK6-5JgLnVi5cg2HE8hndfTILOjb7X1OLqzbeZfz2X99Nat-tHvbR6jkmFSXJ0Sp6KkrPnlGJfoDvfXQMslIQT_LzIOEKAbwN1SFfSUDtQ3-UJ-A"><span style="text-decoration: underline;">https://www.youtube.com/watch?v=5q_P7QUssoc</span></a></li><li>Laravel Validation: 12 Less-Known Tips in 13 Minutes=&gt;<br><a href="https://l.facebook.com/l.php?u=https%3A%2F%2Fwww.youtube.com%2Fwatch%3Fv%3DckhllNh79gM%26fbclid%3DIwZXh0bgNhZW0CMTAAAR1cp3vPlCkHPcwr5Y8kvscaiGpUkfr_3YDMy2ZyYvpxp7g3lpntipN1dIk_aem_JdveJhs-x07nzoDhlXvGVA&amp;h=AT3tsvJCajNPbs3ceGgD5mr1vAKPxNmRJusWmjMZfjWiQXqURB-XomVa9UO7rvGXnEWRu2SNLlEocVj21MLJL2wMPsHwYu34GSec_gI_4ZqI51og5tIhXT5S9SEylYOxKii3&amp;__tn__=-UK-R&amp;c[0]=AT1Ut_A8ctag2pvMrny_5LtH1NFJN_eEcD0Dlol4Slj09bNxRm8HOTyQWRKWM5IC_ob5300M5M86VPd_ldByju8mqLwBiyCq-6HvGRKyFSklZ8EmIg6JHK6-5JgLnVi5cg2HE8hndfTILOjb7X1OLqzbeZfz2X99Nat-tHvbR6jkmFSXJ0Sp6KkrPnlGJfoDvfXQMslIQT_LzIOEKAbwN1SFfSUDtQ3-UJ-A"><span style="text-decoration: underline;">https://www.youtube.com/watch?v=ckhllNh79gM</span></a></li><li>Make Laravel Validation Messages More "Human"=&gt;<br><a href="https://l.facebook.com/l.php?u=https%3A%2F%2Fwww.youtube.com%2Fwatch%3Fv%3DKJbwEwl2D4o%26fbclid%3DIwZXh0bgNhZW0CMTAAAR3KOV8dlF5s6FpP8uUpCAEDtBmV7QbGf8h96bxFLpYm_-9v-OpJFlzI_8w_aem_XMX0Ly1wj1FBkyGjxQFQDQ&amp;h=AT1xWfQ6BKZilN8a7wrp10t4tSik-bJ7pTPUk5ODD_hyI1n7xq9wbtUdofjRymQu_YzUCySp5s4953mdAg5pBUXCZLIimoGIiCsNzJIJ4jF4FOH-ZaQZiimLO02c-5w28O-W&amp;__tn__=-UK-R&amp;c[0]=AT1Ut_A8ctag2pvMrny_5LtH1NFJN_eEcD0Dlol4Slj09bNxRm8HOTyQWRKWM5IC_ob5300M5M86VPd_ldByju8mqLwBiyCq-6HvGRKyFSklZ8EmIg6JHK6-5JgLnVi5cg2HE8hndfTILOjb7X1OLqzbeZfz2X99Nat-tHvbR6jkmFSXJ0Sp6KkrPnlGJfoDvfXQMslIQT_LzIOEKAbwN1SFfSUDtQ3-UJ-A"><span style="text-decoration: underline;">https://www.youtube.com/watch?v=KJbwEwl2D4o</span></a></li><li>Laravel Validation: HTML Link in Error Message?&nbsp; =&gt;<br><a href="https://l.facebook.com/l.php?u=https%3A%2F%2Fwww.youtube.com%2Fwatch%3Fv%3D_k4zwJIUPH0%26fbclid%3DIwZXh0bgNhZW0CMTAAAR16wwGzDNGiNJTPlU1DA9IEOPBxgUIFHxwoqJqcy2MaaNHtpi313cJ1hjQ_aem_WWpmwoRE_0GQmgTDe7VjHw&amp;h=AT0vC8RUiSbl42URa-ymYdMaYfSHu_roc_iilGWHUAXVj_vMmsa5ekVmWJ4gYbWMlknuRMEA1XHd2peGVgJwOAPeE3OoPDvUOfyMhujQ6J7JamnSl5151X5MYBVIVyiMz29Q&amp;__tn__=-UK-R&amp;c[0]=AT1Ut_A8ctag2pvMrny_5LtH1NFJN_eEcD0Dlol4Slj09bNxRm8HOTyQWRKWM5IC_ob5300M5M86VPd_ldByju8mqLwBiyCq-6HvGRKyFSklZ8EmIg6JHK6-5JgLnVi5cg2HE8hndfTILOjb7X1OLqzbeZfz2X99Nat-tHvbR6jkmFSXJ0Sp6KkrPnlGJfoDvfXQMslIQT_LzIOEKAbwN1SFfSUDtQ3-UJ-A"><span style="text-decoration: underline;">https://www.youtube.com/watch?v=_k4zwJIUPH0</span></a></li><li>Laravel Validation Rules: In FormRequest, Controller or Model?=&gt;<br><a href="https://l.facebook.com/l.php?u=https%3A%2F%2Fwww.youtube.com%2Fwatch%3Fv%3DHihUzmG2h3w%26fbclid%3DIwZXh0bgNhZW0CMTAAAR3o29YqBU7Uyf76781WV4-UiSH9_xm-aJbHhL5cQtDpA0w3He_8WCcETo0_aem_xYb0SJYrPPSU5Sn1B5ICFg&amp;h=AT2XT8a0hJnMTvENMYfUUl4ebtLjXAjzhQcjFRAYPXPiKWekAm7CF6CiUcHXVn4W4skJslj1HZxqwMDaEIHOJNynpFLnhE1UJnYC6JJ225Zmr6-bAfkLi9yIf6Vr_DJVUwc2&amp;__tn__=-UK-R&amp;c[0]=AT1Ut_A8ctag2pvMrny_5LtH1NFJN_eEcD0Dlol4Slj09bNxRm8HOTyQWRKWM5IC_ob5300M5M86VPd_ldByju8mqLwBiyCq-6HvGRKyFSklZ8EmIg6JHK6-5JgLnVi5cg2HE8hndfTILOjb7X1OLqzbeZfz2X99Nat-tHvbR6jkmFSXJ0Sp6KkrPnlGJfoDvfXQMslIQT_LzIOEKAbwN1SFfSUDtQ3-UJ-A"><span style="text-decoration: underline;">https://www.youtube.com/watch?v=HihUzmG2h3w</span></a></li><li>Danger of Using $request-all(), and How to Protect =&gt;<br><a href="https://l.facebook.com/l.php?u=https%3A%2F%2Fwww.youtube.com%2Fwatch%3Fv%3DQQS5oEOguRU%26fbclid%3DIwZXh0bgNhZW0CMTAAAR1f5YAg2AeVzFp-UJHYTCcE6u8hzbHA2iNmUPiCnbtssyGicKp-90YXung_aem_12VNgkjCYyzHDykqb8cjow&amp;h=AT0FipegbPO4aN1FVVrHn6ASxCaQDG2MEvZoza4enqs_NypK7vdE4tOV9gSAux_NuXVwg59AbJL4NQpXs6eyVH6QHwyJrbNclF8roNBkqKoN0VtDtj0_VCw8yXVwgafuZvLi&amp;__tn__=-UK-R&amp;c[0]=AT1Ut_A8ctag2pvMrny_5LtH1NFJN_eEcD0Dlol4Slj09bNxRm8HOTyQWRKWM5IC_ob5300M5M86VPd_ldByju8mqLwBiyCq-6HvGRKyFSklZ8EmIg6JHK6-5JgLnVi5cg2HE8hndfTILOjb7X1OLqzbeZfz2X99Nat-tHvbR6jkmFSXJ0Sp6KkrPnlGJfoDvfXQMslIQT_LzIOEKAbwN1SFfSUDtQ3-UJ-A"><span style="text-decoration: underline;">https://www.youtube.com/watch?v=QQS5oEOguRU</span></a></li></ol><h3>Test Your Laravel Validation Skills: Complete 9 Tasks&nbsp;</h3><h3><a href="https://www.youtube.com/watch?v=3ihjumeOMV4&amp;fbclid=IwZXh0bgNhZW0CMTAAAR1vsvBrelttAK-NUcRVgqWBeWiY7JZ8cDy16axDY_4y-84MrrDANsfvPrw_aem_254spcnhgGEyJOnXgplnXA"><span style="text-decoration: underline;">https://www.youtube.com/watch?v=3ihjumeOMV4</span></a></h3><p><br></p>', '2024-08-12 13:46:32', 0, NULL, '2024-08-12 13:46:58', '2024-08-12 13:46:58'),
	(20, 1, 'posts/thumbnails/01J53DJ5495WJB8WND3T61548M.png', '03 :File Uploads and Storage Folder Basics', 'file-uploads-and-storage-folder-basics', '<ol><li>Laravel: How to Upload File During User Registration<br><a href="https://www.youtube.com/watch?v=xyQT2pnv_4E&amp;fbclid=IwZXh0bgNhZW0CMTAAAR3EaoLtMvVfkKgMppbjOtljOHXhUETM9Jqe-41HHz92dzRI-feiIneGfwA_aem_tdlaynMM2IS5DlQUFmUcCQ"><span style="text-decoration: underline;">https://www.youtube.com/watch?v=xyQT2pnv_4E</span></a></li><li>Group Code Review: Laravel Image Upload &amp; Resize<br><a href="https://www.youtube.com/watch?v=Xh4kYgsYguc&amp;fbclid=IwZXh0bgNhZW0CMTAAAR2cxYAma1VZthdMCfBZteEdXwa3X_716lmcxDvuepTiTFnKDAk9QhLO1N8_aem_mP_QkiH5ATVU9MCY049H7Q"><span style="text-decoration: underline;">https://www.youtube.com/watch?v=Xh4kYgsYguc</span></a></li></ol><h3>Test Your Laravel File Upload Skills: Complete 7 Tasks <br><a href="https://www.youtube.com/watch?v=_SrQRnOx3q8&amp;fbclid=IwZXh0bgNhZW0CMTAAAR1ZRWJQruqAgagXzMX-mdmD14bTrfVDx6pzA9CwfUPuRCQ5a7Z4EQmecFE_aem__PE58TruU8j5qsVt-vCV5Q"><span style="text-decoration: underline;">https://www.youtube.com/watch?v=_SrQRnOx3q8</span></a></h3><p><br></p>', '2024-08-12 13:47:55', 0, NULL, '2024-08-12 13:48:37', '2024-08-12 13:48:37'),
	(21, 1, 'posts/thumbnails/01J53DP21Q1M01WEDC7HE8XY6F.jpg', '04 :Table Pagination', 'table-pagination', '<h3><a href="https://laravel.com/docs/10.x/pagination?fbclid=IwZXh0bgNhZW0CMTAAAR1dVs7Nn4pUGReRwCuby3NfiyEzAc_dW3zcoBBNa4CCURvvLP5T-WGupr0_aem_p3wcAdM78Y_ueRTgxcg3bQ"><span style="text-decoration: underline;">https://laravel.com/docs/10.x/pagination</span></a></h3><h2>Other sources</h2><ol><li>videos<ol><li><a href="https://www.youtube.com/watch?v=_LA9QsgJ0bw&amp;fbclid=IwZXh0bgNhZW0CMTAAAR1ZRWJQruqAgagXzMX-mdmD14bTrfVDx6pzA9CwfUPuRCQ5a7Z4EQmecFE_aem__PE58TruU8j5qsVt-vCV5Q"><span style="text-decoration: underline;">https://www.youtube.com/watch?v=_LA9QsgJ0bw</span></a></li><li><a href="https://www.youtube.com/watch?v=cDEVWbz2PpQ&amp;fbclid=IwZXh0bgNhZW0CMTAAAR3cuvSJISwxBgP3wTJe4taTnxpPtqJjruSDwTWYIYxYHXfrNQSNCvothI8_aem_TSFh2ZH_4JSk4i49YsvHmg"><span style="text-decoration: underline;">https://www.youtube.com/watch?v=cDEVWbz2PpQ</span></a></li><li><a href="https://www.youtube.com/watch?v=w6vMy1dSF-M&amp;fbclid=IwZXh0bgNhZW0CMTAAAR1pELigE7w8x4WQqcmfDgqttoCX0D4qb9N_uemraQ7NBnoJhyM3C5cZVM4_aem_dcDKABQgK-Q5CrIhoG50Fw"><span style="text-decoration: underline;">https://www.youtube.com/watch?v=w6vMy1dSF-M</span></a></li><li><a href="https://www.youtube.com/watch?v=MJp8ycjNW5s&amp;fbclid=IwZXh0bgNhZW0CMTAAAR3Cn7FCI-Zir3S9MuBxd7tpz-bJih-1vY817ppNEd71H6mjx-uBjCwVXq8_aem_C1Zdb7bPSymO_ueCocyXtA"><span style="text-decoration: underline;">https://www.youtube.com/watch?v=MJp8ycjNW5s</span></a></li><li><a href="https://www.youtube.com/watch?v=tZ4-Omedncg&amp;fbclid=IwZXh0bgNhZW0CMTAAAR1jWi_R9k02xuGjeSzenEOUNPA4O-BJ1yrw7OelQOGo8S7CG8jZ-vM3bGI_aem_kxYALFx3DO8y0mSUzBQblQ"><span style="text-decoration: underline;">https://www.youtube.com/watch?v=tZ4-Omedncg</span></a></li><li><a href="https://www.youtube.com/watch?v=1oGrDyFp9X8&amp;fbclid=IwZXh0bgNhZW0CMTAAAR2GrMolwsT7INOt5w6bAgyYb_ITtgy4_SfCEsphm1nOrjJzHo2Lp-GhJxA_aem_wTvxoKf6PvM9F_fUrLyKCA"><span style="text-decoration: underline;">https://www.youtube.com/watch?v=1oGrDyFp9X8</span></a></li></ol></li><li>playlist<ol><li><a href="https://l.facebook.com/l.php?u=https%3A%2F%2Fwww.youtube.com%2Fplaylist%3Flist%3DPLm8sgxwSZofdnsvCXmjcgxiFCqMuRFnpO%26fbclid%3DIwZXh0bgNhZW0CMTAAAR1t5PWqb_KL44n0drOs2jn8Y8Fx_OHkSTCnaBLXce1MPZxMx9ZBBboHzTs_aem_5REHjXLlfarLbx_58evRqw&amp;h=AT2qsWLYgQUC079SbXBIiuiWjygORqooBLd0FdDLuoAjd7Bs52zpgm6u7RPxiefktFcmelCeJB6OucSXZSIt-4XdkWViSXblQf_bbTcJc34RnWh3JdWP-dhYpCcAnoawSs1Z&amp;__tn__=-UK-R&amp;c[0]=AT2ZKkTtFGHlXIPeVp4dUKS8s233Jr3egSHGe2eTqbkhc2gAth2vfptW5d7feX_uk7VyWgwzOsZw-nElu_zu-hNnm1Udkf_Onv5pZ4DrKvyfRuFTapGl3niXSq5Sx3BbvuNekr8-eYoM79ZAL9LX9iyy-7Q-4Z7NWCm_lc6s6ssY0U9fcV_rL3jLzq58z_xiMyavZp3pgQ"><span style="text-decoration: underline;">https://www.youtube.com/playlist...</span></a></li><li><a href="https://l.facebook.com/l.php?u=https%3A%2F%2Fwww.youtube.com%2Fplaylist%3Flist%3DPLqDySLfPKRn4ugTygLZJAYQHimhEU9ffQ%26fbclid%3DIwZXh0bgNhZW0CMTAAAR3f7OSBkA7iTliHt0HQOpTnPgheOoTgJ2RpQAkkkkTCKbfLsOoIzSqVvDQ_aem_1htDtELeari3TaPWTqJMvg&amp;h=AT0Cmtytai7PgvIXwLypTDARPT7H533BjaWDMvXP2mFcCEPt3xN1BOYbA7tL8t1RjVUEGFOzsnWmvKrGS_75JXa1C9qt5z2Vju_75O_tJtQXv_KEcP19vURvKLtAOa9B5MEl&amp;__tn__=-UK-R&amp;c[0]=AT2ZKkTtFGHlXIPeVp4dUKS8s233Jr3egSHGe2eTqbkhc2gAth2vfptW5d7feX_uk7VyWgwzOsZw-nElu_zu-hNnm1Udkf_Onv5pZ4DrKvyfRuFTapGl3niXSq5Sx3BbvuNekr8-eYoM79ZAL9LX9iyy-7Q-4Z7NWCm_lc6s6ssY0U9fcV_rL3jLzq58z_xiMyavZp3pgQ"><span style="text-decoration: underline;">https://www.youtube.com/playlist...</span></a></li><li><a href="https://l.facebook.com/l.php?u=https%3A%2F%2Fwww.youtube.com%2Fplaylist%3Flist%3DPLCakfctNSHkEN7pw08IBtrbYEQAJFLlVE%26fbclid%3DIwZXh0bgNhZW0CMTAAAR2tczFAFmjgAE1b4h4zSS5THAapgTWZMEPXTTYSeAm2lysLOpjUwaBXH5Y_aem_y7falpzEtvn5mdMRvfBIFw&amp;h=AT1H0KnkQ_ZWRKVAi8kKBYnjan_KB3ewySrJaL0SC72sSxXnph2R3r-zKlU5LXSO_aAcokOK-XaKkq02iPhVxpOWsYuEO9R8PMUGBC_yYwaG7rwCVh5QWkPwy9EB1XjtynTb&amp;__tn__=-UK-R&amp;c[0]=AT2ZKkTtFGHlXIPeVp4dUKS8s233Jr3egSHGe2eTqbkhc2gAth2vfptW5d7feX_uk7VyWgwzOsZw-nElu_zu-hNnm1Udkf_Onv5pZ4DrKvyfRuFTapGl3niXSq5Sx3BbvuNekr8-eYoM79ZAL9LX9iyy-7Q-4Z7NWCm_lc6s6ssY0U9fcV_rL3jLzq58z_xiMyavZp3pgQ"><span style="text-decoration: underline;">https://www.youtube.com/playlist...</span></a></li><li><a href="https://l.facebook.com/l.php?u=https%3A%2F%2Fwww.youtube.com%2Fplaylist%3Flist%3DPLjsp2uDzfb32JOpUPYiu30LuMHjEcQgNz%26fbclid%3DIwZXh0bgNhZW0CMTAAAR18VUge2BtBRSoaBUbxoNYhGY4S2SdovxCuDMaAmWG-k4C4s6a0W-SNsDA_aem_xfLqXfVSy3ezpjFrKOTKqw&amp;h=AT1C8C9kb5oo7EprKwoX5fL92mTuXvPeesOOXAt7eEDyqWDcZe4Tu-69zpP3X8ExNqpNvWBzdmGU57oI5QX0ccvjIziXk78xeaCLy77OUk8CpFfexQV5R27UqZsWYp6tLV9S&amp;__tn__=-UK-R&amp;c[0]=AT2ZKkTtFGHlXIPeVp4dUKS8s233Jr3egSHGe2eTqbkhc2gAth2vfptW5d7feX_uk7VyWgwzOsZw-nElu_zu-hNnm1Udkf_Onv5pZ4DrKvyfRuFTapGl3niXSq5Sx3BbvuNekr8-eYoM79ZAL9LX9iyy-7Q-4Z7NWCm_lc6s6ssY0U9fcV_rL3jLzq58z_xiMyavZp3pgQ"><span style="text-decoration: underline;">https://www.youtube.com/playlist...</span></a></li><li><a href="https://l.facebook.com/l.php?u=https%3A%2F%2Fwww.youtube.com%2Fplaylist%3Flist%3DPLOpjxspexSIkCQNhoW8mKpQqXBgqPalxj%26fbclid%3DIwZXh0bgNhZW0CMTAAAR0eJDkxr1lXfPALNzE6JnBIb86CN_UUC2Jysow-gmo7__e1sCxkeLEUUfY_aem_G76H4UeJ1AAcPF04q0PuTw&amp;h=AT3nBtpabiNlP4u90QToDKn_kS1SAFA4wZsY27vkBeXJi_UZivSUTfeWJ2AYV_5IGeRx7ppFzWIDiT8EchaIVP3GhjX3z2m3dHxQGWAvlQ48En6BRv5DwI86Acxdv2J8m3iO&amp;__tn__=-UK-R&amp;c[0]=AT2ZKkTtFGHlXIPeVp4dUKS8s233Jr3egSHGe2eTqbkhc2gAth2vfptW5d7feX_uk7VyWgwzOsZw-nElu_zu-hNnm1Udkf_Onv5pZ4DrKvyfRuFTapGl3niXSq5Sx3BbvuNekr8-eYoM79ZAL9LX9iyy-7Q-4Z7NWCm_lc6s6ssY0U9fcV_rL3jLzq58z_xiMyavZp3pgQ"><span style="text-decoration: underline;">https://www.youtube.com/playlist...</span></a></li><li><a href="https://l.facebook.com/l.php?u=https%3A%2F%2Fwww.youtube.com%2Fplaylist%3Flist%3DPLJetLDY7yKup1wDDkQObuRIzCeXYtpNvN%26fbclid%3DIwZXh0bgNhZW0CMTAAAR13AneiT58IY61IH8Kp_wz6vQWcYpsbxMKwk-pcybwpi4akUpiyekOtMkE_aem_YtM38xmraMW61csaljj5jQ&amp;h=AT1WGxnUZv84k2Ot3X7n12eRz-CdwxbQrw8MLg0j5_pT1jG42JhH8OQQKW0P7qhOmrtsnhN1ortBIERLY6HslM58GPYPu2JV1-7Q0wqoJJ9UMDU-fZy_uKbxRuDvokq3B05Z&amp;__tn__=-UK-R&amp;c[0]=AT2ZKkTtFGHlXIPeVp4dUKS8s233Jr3egSHGe2eTqbkhc2gAth2vfptW5d7feX_uk7VyWgwzOsZw-nElu_zu-hNnm1Udkf_Onv5pZ4DrKvyfRuFTapGl3niXSq5Sx3BbvuNekr8-eYoM79ZAL9LX9iyy-7Q-4Z7NWCm_lc6s6ssY0U9fcV_rL3jLzq58z_xiMyavZp3pgQ"><span style="text-decoration: underline;">https://www.youtube.com/playlist...</span></a></li></ol></li><li>Articles<ol><li><a href="https://kinsta.com/blog/laravel-crud/?fbclid=IwZXh0bgNhZW0CMTAAAR1ZRWJQruqAgagXzMX-mdmD14bTrfVDx6pzA9CwfUPuRCQ5a7Z4EQmecFE_aem__PE58TruU8j5qsVt-vCV5Q"><span style="text-decoration: underline;">https://kinsta.com/blog/laravel-crud/</span></a></li><li><a href="https://www.cloudways.com/blog/laravel-crud/?fbclid=IwZXh0bgNhZW0CMTAAAR1gLQ8B5xd1EyA0Zzip9MXNhtwL7EC5CG1ol-mkTqqFtgxI5kdKrMo8kK4_aem_WcVmjYr1UXSjuiQzKmwrBg"><span style="text-decoration: underline;">https://www.cloudways.com/blog/laravel-crud/</span></a></li><li><a href="https://techvblogs.com/blog/laravel-9-crud-application-tutorial-with-example?fbclid=IwZXh0bgNhZW0CMTAAAR3-9x5v401_XGNu-SvC-7HD7AVO-J2k1CIAlad29GZamSno4RlMtfoiwM4_aem_XW4u5aKM4APxL760aC7wkw"><span style="text-decoration: underline;">https://techvblogs.com/.../laravel-9-crud-application...</span></a></li><li><a href="https://www.linkedin.com/pulse/building-simple-crud-application-laravel-step-by-step/?fbclid=IwZXh0bgNhZW0CMTAAAR18wdxWdPUUxyQVYtKXKKai6n_YeO3rOI0oh0dwEfEvd8pQOBld6J9fs-U_aem_i_9GrJUiMtrHzHCDNSx-2g"><span style="text-decoration: underline;">https://www.linkedin.com/.../building-simple-crud.../</span></a></li><li><a href="https://medium.com/@iqbal.ramadhani55/creating-crud-in-laravel-fef5cb663467?fbclid=IwZXh0bgNhZW0CMTAAAR1Vr7O1fdIQzAwxm2WYEX2QY78y4Ccd0CDSM6jvih6VXfGmBQqpyacDbNI_aem__U9IP2g8ZVmXD_KisH1n7A"><span style="text-decoration: underline;">https://medium.com/.../creating-crud-in-laravel-fef5cb663467</span></a></li><li><a href="https://magecomp.com/blog/crud-operation-laravel-8/?fbclid=IwZXh0bgNhZW0CMTAAAR0Ti1yzYrNZTW4xFD2PZEqZNRvTeLFKRmNxAuXP2uK3jMtVj5-bDPJa3AU_aem_vSZgfIztLHclH4oLQs1KAQ"><span style="text-decoration: underline;">https://magecomp.com/blog/crud-operation-laravel-8/</span></a></li><li><a href="https://medium.com/@pratiksingh.raman/building-a-crud-application-in-laravel-10-a-step-by-step-guide-aa5efd7d6a3a?fbclid=IwZXh0bgNhZW0CMTAAAR36BSa0q9aW44oorv0ng627bNiMLfBU80scmF2EfuQaZQ-wDROgLhtLqjw_aem_ZigiBoFJuur3vH31ly-DHw"><span style="text-decoration: underline;">https://medium.com/.../building-a-crud-application-in...</span></a></li><li><a href="https://l.facebook.com/l.php?u=https%3A%2F%2Fwww.javatpoint.com%2Flaravel-crud%3Ffbclid%3DIwZXh0bgNhZW0CMTAAAR3zGK04hzeulGUF0yHO42GER6IJALiTZgEJ3f-3SW7jSaPDF5WRTaqWDJs_aem_5vDxc9RRtiyeqQKlktYCsw&amp;h=AT3g0K2C0ULwbL6HKbTi2FOjk_6p7fgAfjgQY1ZxSD2AMnCWTmUxJL1crs-3e1uyPEcjiB-7sNdbzza3dnHNBFUaGnC9T3cS0a7XfpGttxGf_IuAHOEen-ZDIdErDbBk37mE&amp;__tn__=-UK-R&amp;c[0]=AT1Ut_A8ctag2pvMrny_5LtH1NFJN_eEcD0Dlol4Slj09bNxRm8HOTyQWRKWM5IC_ob5300M5M86VPd_ldByju8mqLwBiyCq-6HvGRKyFSklZ8EmIg6JHK6-5JgLnVi5cg2HE8hndfTILOjb7X1OLqzbeZfz2X99Nat-tHvbR6jkmFSXJ0Sp6KkrPnlGJfoDvfXQMslIQT_LzIOEKAbwN1SFfSUDtQ3-UJ-A"><span style="text-decoration: underline;">https://www.javatpoint.com/laravel-crud</span></a></li><li><a href="https://l.facebook.com/l.php?u=https%3A%2F%2Fwww.itsolutionstuff.com%2Fpost%2Flaravel-8-crud-application-tutorial-for-beginnersexample.html%3Ffbclid%3DIwZXh0bgNhZW0CMTAAAR3UrPcynTAAmLpWk1xR4nQOFf_1QwuILxWM8iBSMIWa_yZ7-B4O0VhfOW4_aem_yMbCsdlwJvlpF8ZydfJzvA&amp;h=AT2EIy_8QODC-5XBN6ekEhBpHLRr7HA_vurGt1AIxLiDdjQEbxSshTwtoyCQNpHzkvWCLuyEWdEjZWldyeWimibk_MZLPQnfHpJ0hEQd-FZzgwo4vWldr6VUR2Bih9c4SGy2&amp;__tn__=-UK-R&amp;c[0]=AT1Ut_A8ctag2pvMrny_5LtH1NFJN_eEcD0Dlol4Slj09bNxRm8HOTyQWRKWM5IC_ob5300M5M86VPd_ldByju8mqLwBiyCq-6HvGRKyFSklZ8EmIg6JHK6-5JgLnVi5cg2HE8hndfTILOjb7X1OLqzbeZfz2X99Nat-tHvbR6jkmFSXJ0Sp6KkrPnlGJfoDvfXQMslIQT_LzIOEKAbwN1SFfSUDtQ3-UJ-A"><span style="text-decoration: underline;">https://www.itsolutionstuff.com/.../laravel-8-crud...</span></a></li><li><a href="https://l.facebook.com/l.php?u=https%3A%2F%2Fmagecomp.com%2Fblog%2Flaravel-9-crud-operation%2F%3Ffbclid%3DIwZXh0bgNhZW0CMTAAAR04rxNJ-9G9BeCiNo5lB9wKvmWzPNKEoNqugOnp3IEYuhU9g-7XfyRCAjM_aem_ISOiTgEMHx4VSeOxGO37bA&amp;h=AT2PcDPlCAcXLrdJmv6cCRvb3us5K1iIAPxhYIPFWbtp8KYNQN0tv_qpquKd0x6ZUKjFlEddSVwiV1KJQYeU0Sb3L3v0FfBm6BaWfbsg_NQurG3vzwCIFltNfA1Ll8Vb6G2W&amp;__tn__=-UK-R&amp;c[0]=AT1Ut_A8ctag2pvMrny_5LtH1NFJN_eEcD0Dlol4Slj09bNxRm8HOTyQWRKWM5IC_ob5300M5M86VPd_ldByju8mqLwBiyCq-6HvGRKyFSklZ8EmIg6JHK6-5JgLnVi5cg2HE8hndfTILOjb7X1OLqzbeZfz2X99Nat-tHvbR6jkmFSXJ0Sp6KkrPnlGJfoDvfXQMslIQT_LzIOEKAbwN1SFfSUDtQ3-UJ-A"><span style="text-decoration: underline;">https://magecomp.com/blog/laravel-9-crud-operation/</span></a></li><li><a href="https://l.facebook.com/l.php?u=https%3A%2F%2Ftechsolutionstuff.com%2Fpost%2Fhow-to-create-crud-operation-in-laravel-10%3Ffbclid%3DIwZXh0bgNhZW0CMTAAAR3k_OVZh1cvTe1D_2tHkG5AU_uv2JbCkpKSV6FJiA8wFx4SNcmJOT2fi4Y_aem_TjtmkEdxPYmXqpu2hfaoyA&amp;h=AT1bednbO6VWzp8mYm4K98QpAS4RxM2jhPZKFDB8rVl3U7yl-q5J6AnGIo8ttCdLqRohuohl3gu8PZEgqm1c2noZ2eaU1zE9zqMUT4d_tggG3_7sS-kWUCXzjP2dyIWN8vI9&amp;__tn__=-UK-R&amp;c[0]=AT1Ut_A8ctag2pvMrny_5LtH1NFJN_eEcD0Dlol4Slj09bNxRm8HOTyQWRKWM5IC_ob5300M5M86VPd_ldByju8mqLwBiyCq-6HvGRKyFSklZ8EmIg6JHK6-5JgLnVi5cg2HE8hndfTILOjb7X1OLqzbeZfz2X99Nat-tHvbR6jkmFSXJ0Sp6KkrPnlGJfoDvfXQMslIQT_LzIOEKAbwN1SFfSUDtQ3-UJ-A"><span style="text-decoration: underline;">https://techsolutionstuff.com/.../how-to-create-crud...</span></a></li><li><a href="https://l.facebook.com/l.php?u=https%3A%2F%2Fwww.digitalocean.com%2Fcommunity%2Ftutorials%2Fsimple-laravel-crud-with-resource-controllers%3Ffbclid%3DIwZXh0bgNhZW0CMTAAAR1dVs7Nn4pUGReRwCuby3NfiyEzAc_dW3zcoBBNa4CCURvvLP5T-WGupr0_aem_p3wcAdM78Y_ueRTgxcg3bQ&amp;h=AT3KFZft5oQ627QBbwPfAGDJUA2wREh4kQUKbxC28TZCYIu-frBQoqpOAqZx3m-p7rnB7YfkH_CYTcdJyTsanvrdc9r6wNOvMJ_LOEQw6BpShSfrdpi9HKsXRDD-wUIcYvvV&amp;__tn__=-UK-R&amp;c[0]=AT1Ut_A8ctag2pvMrny_5LtH1NFJN_eEcD0Dlol4Slj09bNxRm8HOTyQWRKWM5IC_ob5300M5M86VPd_ldByju8mqLwBiyCq-6HvGRKyFSklZ8EmIg6JHK6-5JgLnVi5cg2HE8hndfTILOjb7X1OLqzbeZfz2X99Nat-tHvbR6jkmFSXJ0Sp6KkrPnlGJfoDvfXQMslIQT_LzIOEKAbwN1SFfSUDtQ3-UJ-A"><span style="text-decoration: underline;">https://www.digitalocean.com/.../simple-laravel-crud-with...</span></a></li><li><a href="https://l.facebook.com/l.php?u=https%3A%2F%2Fwww.itsolutionstuff.com%2Fpost%2Flaravel-9-crud-application-tutorial-exampleexample.html%3Ffbclid%3DIwZXh0bgNhZW0CMTAAAR2GrMolwsT7INOt5w6bAgyYb_ITtgy4_SfCEsphm1nOrjJzHo2Lp-GhJxA_aem_wTvxoKf6PvM9F_fUrLyKCA&amp;h=AT3iU_8FsWwn7uMX_UD-zJvrGX_rfib0Tq5Uavuim8FKKRA1OmEti87y6j6h6fGSGl0kZ4lYQd4Fnnq-MpeKgRhvGyLmbKXIyvVfhwOOmVPuy_OLGmil9bHMNyr7VXmOtjvd&amp;__tn__=-UK-R&amp;c[0]=AT1Ut_A8ctag2pvMrny_5LtH1NFJN_eEcD0Dlol4Slj09bNxRm8HOTyQWRKWM5IC_ob5300M5M86VPd_ldByju8mqLwBiyCq-6HvGRKyFSklZ8EmIg6JHK6-5JgLnVi5cg2HE8hndfTILOjb7X1OLqzbeZfz2X99Nat-tHvbR6jkmFSXJ0Sp6KkrPnlGJfoDvfXQMslIQT_LzIOEKAbwN1SFfSUDtQ3-UJ-A"><span style="text-decoration: underline;">https://www.itsolutionstuff.com/.../laravel-9-crud...</span></a></li><li><h3><a href="https://l.facebook.com/l.php?u=https%3A%2F%2Fgithub.com%2Fphrfpeixoto%2Fsimple-laravel-crud%3Ffbclid%3DIwZXh0bgNhZW0CMTAAAR2CDY_ZNjrlpSFML3q09HrO5Ff_iq_eRYr-pLj-bXpuvaMwzZKcSt4n4AQ_aem_QReBIsNSTFr5jBpMLb6OHQ&amp;h=AT0HOa7c02a3a9XUc2bKuBUcHsy0FRsSFJ7k2MNso6Q2ctddq-gW4FR0Ecne1Uosh3xnnMuUFLhyPedhB3L_ITfWJt-RzcV2iCp7gJ7cREo7jDifMM8JDDk1mXq3vIE4kcz8&amp;__tn__=-UK-R&amp;c[0]=AT1Ut_A8ctag2pvMrny_5LtH1NFJN_eEcD0Dlol4Slj09bNxRm8HOTyQWRKWM5IC_ob5300M5M86VPd_ldByju8mqLwBiyCq-6HvGRKyFSklZ8EmIg6JHK6-5JgLnVi5cg2HE8hndfTILOjb7X1OLqzbeZfz2X99Nat-tHvbR6jkmFSXJ0Sp6KkrPnlGJfoDvfXQMslIQT_LzIOEKAbwN1SFfSUDtQ3-UJ-A"><span style="text-decoration: underline;">https://github.com/phrfpeixoto/simple-laravel-crud</span></a></h3></li></ol></li></ol><p><br></p>', '2024-08-12 13:50:12', 0, NULL, '2024-08-12 13:50:45', '2024-08-12 13:50:45'),
	(22, 1, 'posts/thumbnails/01J559DE4VZB52N8TDH3XJ9AT4.png', 'Personal Blog', 'personal-blog', '<h2>sources</h2><p>1-Personal Blog Laravel 10</p><p><a href="https://www.youtube.com/playlist?list=PL2LmXQ-7B4l1mcQ1zNCsdnZHTZTiRFTKn&amp;fbclid=IwZXh0bgNhZW0CMTAAAR052IZhMZGPa-kvYZCSJuJOICVQYqGj5fFq838KxYEXW7njHsrfvFfq5Rs_aem_kdqCCRM5TSHG3sbixssgjA"><span style="text-decoration: underline;">https://www.youtube.com/playlist...</span></a></p><p>2-Laravel 8 Blog Project Tutorial | Laravel 8 full blog project | Complete Blogging website in Laravel 8</p><p><a href="https://www.youtube.com/playlist?list=PLRheCL1cXHrsok0K0qz2b612zoCSe4VPW&amp;fbclid=IwZXh0bgNhZW0CMTAAAR2cleSn66xzd7J-khbd8sCUc7IYZqFV0IvgLMW2b2NBECDW9qOh2W4gB9c_aem_IN9a3-46PBB-mJ_DK9K9OQ"><span style="text-decoration: underline;">https://www.youtube.com/playlist...</span></a></p><p>3-Build a Blog with Laravel [8,9] Step by Step</p><p><a href="https://www.youtube.com/playlist?list=PLX4adOBVJXaudcpmlpCZNVazpu1jRGxVB&amp;fbclid=IwZXh0bgNhZW0CMTAAAR2gburIRSifpxaKnT86NLY8Kvj9yewmNv19Cpt1rXsXicLhCSORHMU0rBE_aem_NYEnep3mHwAqph_Ip93qRA"><span style="text-decoration: underline;">https://www.youtube.com/playlist...</span></a></p><p>4-Laravel Simple Blog Website Project Tutorial For Beginners to Advance</p><p><a href="https://www.youtube.com/playlist?list=PLm8sgxwSZoffiTghh0cqMj0tGlonrouWX&amp;fbclid=IwZXh0bgNhZW0CMTAAAR1vwqml5zYMwHSPMcXEEYkH8WVSIyFEDOcLhSBiBToVdiOSDX2NGNGDJMQ_aem_YSsigg3YhtmO-Z5EJVSy4g"><span style="text-decoration: underline;">https://www.youtube.com/playlist...</span></a></p><p>5-How to Build a Blog with Laravel</p><p><a href="https://www.youtube.com/playlist?list=PLwAKR305CRO-Q90J---jXVzbOd4CDRbVx&amp;fbclid=IwZXh0bgNhZW0CMTAAAR1Ie2JQtqi0NMP2QMTUHmUY9SuDMuLAe21HNQvVcwVBrA9eXJBdJc3YQ2s_aem_gaM6ZwyRlkrdcUmVGZMbIg"><span style="text-decoration: underline;">https://www.youtube.com/playlist...</span></a></p><p>6-Laravel Blog / Portfolio Application</p><p><a href="https://l.facebook.com/l.php?u=https%3A%2F%2Fwww.youtube.com%2Fplaylist%3Flist%3DPLRoT2Wf8XDsA8ewvR0ncaS3cbtzUfYBir%26fbclid%3DIwZXh0bgNhZW0CMTAAAR1vwqml5zYMwHSPMcXEEYkH8WVSIyFEDOcLhSBiBToVdiOSDX2NGNGDJMQ_aem_YSsigg3YhtmO-Z5EJVSy4g&amp;h=AT1eIU7VKN9Ik4v7K4P9ba89K_VgoaL9PrnM9b4wNqNu7j9paDy_93d2yESXJdibO9_R9oIIAZDHBNhaAhUs9k5DCglUF45wNWo3b65ijI20BDZlgBHobw2UWLzLqKctwcU-&amp;__tn__=-UK-R&amp;c[0]=AT1JOfxrwsJlr7sh_B8y4BdwnI13vrN7m9tc49qwxVyNvNtEnKZsaSyZO7D2vKmQKeuJTDohtoruwziG0IAyrWH_KV6G95U6vDwXMVhUFwmh-t67ak7Sth8BfT6ImPmHJ_MewQ5rxVL18W1RVzNdRucsDrjXsAgccgUFHcOCCX3IlHYEsld-Xe3Nsb11dMoqjovyovXLjw"><span style="text-decoration: underline;">https://www.youtube.com/playlist...</span></a></p><p>7-Blog with Admin Panel</p><p><a href="https://l.facebook.com/l.php?u=https%3A%2F%2Fwww.youtube.com%2Fplaylist%3Flist%3DPLe30vg_FG4OTELVqQgHaMaq2oELjpSWy_%26fbclid%3DIwZXh0bgNhZW0CMTAAAR13XfNprsT3IP-0XDFxqwBVg_vpXCWDoJ1Y6a2QHhqp5EMgRz-TbZZNoz8_aem_C4ovWMq203WOQ5GewT9ywg&amp;h=AT3eeR-nFSqQKlscVdYi3ShJqbLyrYFJaGnbsGAD6DqgMYPKbNdoWRydR_EgdXzjmozvdRH_UQmLbMl_kGKLNGMTCXtMdvML9oBcR_9cFOFWeuUM6KLjJfTMs2zoK7jafRbV&amp;__tn__=-UK-R&amp;c[0]=AT1JOfxrwsJlr7sh_B8y4BdwnI13vrN7m9tc49qwxVyNvNtEnKZsaSyZO7D2vKmQKeuJTDohtoruwziG0IAyrWH_KV6G95U6vDwXMVhUFwmh-t67ak7Sth8BfT6ImPmHJ_MewQ5rxVL18W1RVzNdRucsDrjXsAgccgUFHcOCCX3IlHYEsld-Xe3Nsb11dMoqjovyovXLjw"><span style="text-decoration: underline;">https://www.youtube.com/playlist...</span></a></p><p><br></p><p>GitHub source</p><p><br></p><p><a href="https://github.com/LaravelDaily/Laravel-Roadmap-Beginner-Challenge?fbclid=IwZXh0bgNhZW0CMTAAAR2YHRswx7Q2T5ajyn-w3Vrlv5mcZsRPA12vy1DGiq_qX7c4GQDmd3nmh8o_aem_eMKqyuAkTwG_3Gv6TBSMWQ"><span style="text-decoration: underline;">https://github.com/Lar.../Laravel-Roadmap-Beginner-Challenge</span></a></p><p><br></p><p><a href="https://github.com/LaravelDaily/Laravel-Roadmap-Beginner-Roadmap-Breeze?fbclid=IwZXh0bgNhZW0CMTAAAR13XfNprsT3IP-0XDFxqwBVg_vpXCWDoJ1Y6a2QHhqp5EMgRz-TbZZNoz8_aem_C4ovWMq203WOQ5GewT9ywg"><span style="text-decoration: underline;">https://github.com/.../Laravel-Roadmap-Beginner-Roadmap...</span></a></p><p><a href="https://github.com/LaravelDaily/Laravel-Roadmap-Beginner-Blog-UI?fbclid=IwZXh0bgNhZW0CMTAAAR0O4DBrtExLjjgURtxNpMCbUiM9QqfsHdblCWCTN9cx5VuMmClqQfVkimM_aem_kC2JdW2D_d29qt3J-D3myA"><span style="text-decoration: underline;">https://github.com/Larav.../Laravel-Roadmap-Beginner-Blog-UI</span></a></p>', '2024-08-13 07:09:53', 1, NULL, '2024-08-13 07:14:37', '2024-08-13 07:14:37');

-- Dumping structure for table blog_news.post_like
CREATE TABLE IF NOT EXISTS `post_like` (
  `id` bigint unsigned NOT NULL AUTO_INCREMENT,
  `user_id` bigint unsigned NOT NULL,
  `post_id` bigint unsigned NOT NULL,
  `created_at` timestamp NULL DEFAULT NULL,
  `updated_at` timestamp NULL DEFAULT NULL,
  PRIMARY KEY (`id`),
  KEY `post_like_user_id_index` (`user_id`),
  KEY `post_like_post_id_index` (`post_id`)
) ENGINE=InnoDB DEFAULT CHARSET=utf8mb4 COLLATE=utf8mb4_unicode_ci;

-- Dumping data for table blog_news.post_like: ~0 rows (approximately)

-- Dumping structure for table blog_news.sessions
CREATE TABLE IF NOT EXISTS `sessions` (
  `id` varchar(255) COLLATE utf8mb4_unicode_ci NOT NULL,
  `user_id` bigint unsigned DEFAULT NULL,
  `ip_address` varchar(45) COLLATE utf8mb4_unicode_ci DEFAULT NULL,
  `user_agent` text COLLATE utf8mb4_unicode_ci,
  `payload` longtext COLLATE utf8mb4_unicode_ci NOT NULL,
  `last_activity` int NOT NULL,
  PRIMARY KEY (`id`),
  KEY `sessions_user_id_index` (`user_id`),
  KEY `sessions_last_activity_index` (`last_activity`)
) ENGINE=InnoDB DEFAULT CHARSET=utf8mb4 COLLATE=utf8mb4_unicode_ci;

-- Dumping data for table blog_news.sessions: ~0 rows (approximately)
INSERT INTO `sessions` (`id`, `user_id`, `ip_address`, `user_agent`, `payload`, `last_activity`) VALUES
	('jNth1EN4aCR7fKSmcYsFxdMBvpYDgRIszopVMzFw', 1, '127.0.0.1', 'Mozilla/5.0 (Windows NT 10.0; Win64; x64) AppleWebKit/537.36 (KHTML, like Gecko) Chrome/127.0.0.0 Safari/537.36', 'YTo3OntzOjY6Il90b2tlbiI7czo0MDoiS1VkNHNDWjR3QVZWVk5VMHk4V2RjNHdCQUxJYkhTMlZmbm1jWUFCNiI7czo5OiJfcHJldmlvdXMiO2E6MTp7czozOiJ1cmwiO3M6MjY6Imh0dHA6Ly8xMjcuMC4wLjE6ODAwMC9ibG9nIjt9czo2OiJfZmxhc2giO2E6Mjp7czozOiJvbGQiO2E6MDp7fXM6MzoibmV3IjthOjA6e319czozOiJ1cmwiO2E6MDp7fXM6NTA6ImxvZ2luX3dlYl81OWJhMzZhZGRjMmIyZjk0MDE1ODBmMDE0YzdmNThlYTRlMzA5ODlkIjtpOjE7czoxNzoicGFzc3dvcmRfaGFzaF93ZWIiO3M6NjA6IiQyeSQxMiQ2Tk0vRGowOXRLZGs2bUNpOHdHMkN1N1ZsWkd1dWgvS1ppN2V6dlFuSFVSRk1uaWRQM1R6LiI7czo4OiJmaWxhbWVudCI7YTowOnt9fQ==', 1723533326);

-- Dumping structure for table blog_news.users
CREATE TABLE IF NOT EXISTS `users` (
  `id` bigint unsigned NOT NULL AUTO_INCREMENT,
  `name` varchar(255) COLLATE utf8mb4_unicode_ci NOT NULL,
  `email` varchar(255) COLLATE utf8mb4_unicode_ci NOT NULL,
  `email_verified_at` timestamp NULL DEFAULT NULL,
  `password` varchar(255) COLLATE utf8mb4_unicode_ci NOT NULL,
  `two_factor_secret` text COLLATE utf8mb4_unicode_ci,
  `two_factor_recovery_codes` text COLLATE utf8mb4_unicode_ci,
  `two_factor_confirmed_at` timestamp NULL DEFAULT NULL,
  `remember_token` varchar(100) COLLATE utf8mb4_unicode_ci DEFAULT NULL,
  `current_team_id` bigint unsigned DEFAULT NULL,
  `profile_photo_path` varchar(2048) COLLATE utf8mb4_unicode_ci DEFAULT NULL,
  `created_at` timestamp NULL DEFAULT NULL,
  `updated_at` timestamp NULL DEFAULT NULL,
  `role` varchar(255) COLLATE utf8mb4_unicode_ci NOT NULL DEFAULT 'USER',
  PRIMARY KEY (`id`),
  UNIQUE KEY `users_email_unique` (`email`)
) ENGINE=InnoDB AUTO_INCREMENT=2 DEFAULT CHARSET=utf8mb4 COLLATE=utf8mb4_unicode_ci;

-- Dumping data for table blog_news.users: ~0 rows (approximately)
INSERT INTO `users` (`id`, `name`, `email`, `email_verified_at`, `password`, `two_factor_secret`, `two_factor_recovery_codes`, `two_factor_confirmed_at`, `remember_token`, `current_team_id`, `profile_photo_path`, `created_at`, `updated_at`, `role`) VALUES
	(1, 'admin', 'admin@admin.com', NULL, '$2y$12$6NM/Dj09tKdk6mCi8wG2Cu7VlZGuuh/KZi7ezvQnHURFMnidP3Tz.', NULL, NULL, NULL, NULL, NULL, NULL, '2024-08-12 07:54:50', '2024-08-12 07:54:50', 'ADMIN');

/*!40103 SET TIME_ZONE=IFNULL(@OLD_TIME_ZONE, 'system') */;
/*!40101 SET SQL_MODE=IFNULL(@OLD_SQL_MODE, '') */;
/*!40014 SET FOREIGN_KEY_CHECKS=IFNULL(@OLD_FOREIGN_KEY_CHECKS, 1) */;
/*!40101 SET CHARACTER_SET_CLIENT=@OLD_CHARACTER_SET_CLIENT */;
/*!40111 SET SQL_NOTES=IFNULL(@OLD_SQL_NOTES, 1) */;
